product_id,product_number,name,gender_category,size_gender,price_group,price_krw,base_price_krw,promo_price_krw,price_flags,available_sizes_count,availability_status,availability_label,rating_average,rating_count,image_url,detail_url,sales,store_stock_only
E422992-000,,크루넥T,UNISEX,MEN,02,12900,12900,12900,"[{""code"": ""discount"", ""name"": ""2026/06/11부터 가격인하"", ""type"": ""price_flag"", ""flag_color"": ""discount""}, {""code"": ""colorSizeLimitedPrice"", ""name"": ""옵션할인"", ""type"": ""price_flag"", ""flag_color"": ""discount""}]",8,available,판매중,4.7,1267,https://image.uniqlo.com/UQ/ST3/kr/imagesgoods/422992/item/krgoods_23_422992_3x4.jpg,https://www.uniqlo.com/kr/ko/products/E422992-000/02?colorDisplayCode=23,True,False
E424873-000,,크루넥T,WOMEN,WOMEN,01,12900,12900,12900,"[{""code"": ""discount"", ""name"": ""2026/06/09부터 가격인하"", ""type"": ""price_flag"", ""flag_color"": ""discount""}, {""code"": ""colorSizeLimitedPrice"", ""name"": ""옵션할인"", ""type"": ""price_flag"", ""flag_color"": ""discount""}]",1,available,판매중,4.7,1244,https://image.uniqlo.com/UQ/ST3/kr/imagesgoods/424873/item/krgoods_09_424873_3x4.jpg,https://www.uniqlo.com/kr/ko/products/E424873-000/01?colorDisplayCode=00,True,False
E448034-000,,감탄재킷,MEN,MEN,01,79900,79900,79900,"[{""code"": ""discount"", ""name"": ""2026/06/09부터 가격인하"", ""type"": ""price_flag"", ""flag_color"": ""discount""}, {""code"": ""colorSizeLimitedPrice"", ""name"": ""옵션할인"", ""type"": ""price_flag"", ""flag_color"": ""discount""}]",1,available,판매중,4.7,291,https://image.uniqlo.com/UQ/ST3/kr/imagesgoods/448034/item/krgoods_08_448034_3x4.jpg,https://www.uniqlo.com/kr/ko/products/E448034-000/01?colorDisplayCode=09,True,False
E451648-000,,스웨트팬츠(다리길이65cm~71cm),MEN,MEN,00,19900,19900,19900,"[{""code"": ""discount"", ""name"": ""2026/05/19부터 가격인하"", ""type"": ""price_flag"", ""flag_color"": ""discount""}]",2,available,판매중,4.6,195,https://image.uniqlo.com/UQ/ST3/kr/imagesgoods/451648/item/krgoods_69_451648_3x4.jpg,https://www.uniqlo.com/kr/ko/products/E451648-000/00?colorDisplayCode=69,True,False
E453754-000,,워셔블밀라노립크루넥스웨터,UNISEX,MEN,01,39900,39900,39900,"[{""code"": ""discount"", ""name"": ""2026/03/31부터 가격인하"", ""type"": ""price_flag"", ""flag_color"": ""discount""}, {""code"": ""colorSizeLimitedPrice"", ""name"": ""옵션할인"", ""type"": ""price_flag"", ""flag_color"": ""discount""}]",2,available,판매중,4.8,332,https://image.uniqlo.com/UQ/ST3/kr/imagesgoods/453754/item/krgoods_64_453754_3x4.jpg,https://www.uniqlo.com/kr/ko/products/E453754-000/01?colorDisplayCode=64,True,False
E455942-000,,울트라스트레치액티브조거팬츠(다리길이66~68cm),WOMEN,WOMEN,01,29900,29900,29900,"[{""code"": ""discount"", ""name"": ""2026/06/09부터 가격인하"", ""type"": ""price_flag"", ""flag_color"": ""discount""}, {""code"": ""colorSizeLimitedPrice"", ""name"": ""옵션할인"", ""type"": ""price_flag"", ""flag_color"": ""discount""}]",1,available,판매중,4.7,272,https://image.uniqlo.com/UQ/ST3/kr/imagesgoods/455942/item/krgoods_09_455942_3x4.jpg,https://www.uniqlo.com/kr/ko/products/E455942-000/01?colorDisplayCode=69,True,False
E455957-000,,프리미엄리넨셔츠,UNISEX,MEN,01,39900,39900,39900,"[{""code"": ""discount"", ""name"": ""2026/06/09부터 가격인하"", ""type"": ""price_flag"", ""flag_color"": ""discount""}, {""code"": ""colorSizeLimitedPrice"", ""name"": ""옵션할인"", ""type"": ""price_flag"", ""flag_color"": ""discount""}]",2,available,판매중,4.7,283,https://image.uniqlo.com/UQ/ST3/kr/imagesgoods/455957/item/krgoods_30_455957_3x4.jpg,https://www.uniqlo.com/kr/ko/products/E455957-000/01?colorDisplayCode=30,True,False
E458325-000,,스트레치이지쇼트팬츠(시어서커),UNISEX,MEN,01,12900,12900,12900,"[{""code"": ""discount"", ""name"": ""2026/06/09부터 가격인하"", ""type"": ""price_flag"", ""flag_color"": ""discount""}, {""code"": ""colorSizeLimitedPrice"", ""name"": ""옵션할인"", ""type"": ""price_flag"", ""flag_color"": ""discount""}]",1,available,판매중,4.6,59,https://image.uniqlo.com/UQ/ST3/kr/imagesgoods/458325/item/krgoods_69_458325_3x4.jpg,https://www.uniqlo.com/kr/ko/products/E458325-000/01?colorDisplayCode=64,True,False
E459698-000,,히트텍스마트팬츠(다리길이85cm·긴기장),MEN,MEN,00,9900,9900,9900,"[{""code"": ""discount"", ""name"": ""2026/03/31부터 가격인하"", ""type"": ""price_flag"", ""flag_color"": ""discount""}]",1,available,판매중,4.6,15,https://image.uniqlo.com/UQ/ST3/AsianCommon/imagesgoods/459698/item/goods_08_459698_3x4.jpg,https://www.uniqlo.com/kr/ko/products/E459698-000/00?colorDisplayCode=69,True,False
E464932-000,,프리미엄리넨셔츠,MEN,MEN,01,39900,39900,39900,"[{""code"": ""discount"", ""name"": ""2026/06/09부터 가격인하"", ""type"": ""price_flag"", ""flag_color"": ""discount""}, {""code"": ""colorSizeLimitedPrice"", ""name"": ""옵션할인"", ""type"": ""price_flag"", ""flag_color"": ""discount""}]",1,available,판매중,4.7,4,https://image.uniqlo.com/UQ/ST3/AsianCommon/imagesgoods/464932/item/goods_32_464932_3x4.jpg,https://www.uniqlo.com/kr/ko/products/E464932-000/01?colorDisplayCode=32,True,False
E465163-000,,KIDS울트라스트레치액티브조거팬츠,KIDS,KIDS,00,19900,19900,19900,"[{""code"": ""discount"", ""name"": ""2026/06/11부터 가격인하"", ""type"": ""price_flag"", ""flag_color"": ""discount""}]",6,available,판매중,4.9,62,https://image.uniqlo.com/UQ/ST3/kr/imagesgoods/465163/item/krgoods_09_465163_3x4.jpg,https://www.uniqlo.com/kr/ko/products/E465163-000/00?colorDisplayCode=09,True,False
E465193-000,,AIRism코튼크루넥T(긴팔),UNISEX,MEN,01,19900,19900,19900,"[{""code"": ""discount"", ""name"": ""2026/05/12부터 가격인하"", ""type"": ""price_flag"", ""flag_color"": ""discount""}, {""code"": ""colorSizeLimitedPrice"", ""name"": ""옵션할인"", ""type"": ""price_flag"", ""flag_color"": ""discount""}]",1,available,판매중,4.8,620,https://image.uniqlo.com/UQ/ST3/kr/imagesgoods/465193/item/krgoods_08_465193_3x4.jpg,https://www.uniqlo.com/kr/ko/products/E465193-000/01?colorDisplayCode=08,True,False
E465196-000,,AIRism코튼피케폴로셔츠(반팔),MEN,MEN,00,29900,29900,29900,"[{""code"": ""discount"", ""name"": ""2026/06/09부터 가격인하"", ""type"": ""price_flag"", ""flag_color"": ""discount""}]",1,available,판매중,4.6,99,https://image.uniqlo.com/UQ/ST3/AsianCommon/imagesgoods/465196/item/goods_02_465196_3x4.jpg,https://www.uniqlo.com/kr/ko/products/E465196-000/00?colorDisplayCode=02,True,False
E465203-000,,DRY-EX UV PROTECTION풀집파카,MEN,MEN,01,29900,29900,29900,"[{""code"": ""discount"", ""name"": ""2026/06/09부터 가격인하"", ""type"": ""price_flag"", ""flag_color"": ""discount""}, {""code"": ""colorSizeLimitedPrice"", ""name"": ""옵션할인"", ""type"": ""price_flag"", ""flag_color"": ""discount""}]",3,available,판매중,4.8,198,https://image.uniqlo.com/UQ/ST3/kr/imagesgoods/465203/item/krgoods_57_465203_3x4.jpg,https://www.uniqlo.com/kr/ko/products/E465203-000/01?colorDisplayCode=57,True,False
E465206-000,,울트라스트레치액티브조거팬츠(다리길이66.5~72.5cm),MEN,MEN,01,19900,19900,19900,"[{""code"": ""discount"", ""name"": ""2026/05/12부터 가격인하"", ""type"": ""price_flag"", ""flag_color"": ""discount""}, {""code"": ""colorSizeLimitedPrice"", ""name"": ""옵션할인"", ""type"": ""price_flag"", ""flag_color"": ""discount""}]",1,available,판매중,4.8,243,https://image.uniqlo.com/UQ/ST3/kr/imagesgoods/465206/item/krgoods_68_465206_3x4.jpg,https://www.uniqlo.com/kr/ko/products/E465206-000/01?colorDisplayCode=68,True,False
E465484-000,,UV PROTECTION크루넥가디건(긴팔),WOMEN,WOMEN,01,29900,29900,29900,"[{""code"": ""discount"", ""name"": ""2026/06/09부터 가격인하"", ""type"": ""price_flag"", ""flag_color"": ""discount""}, {""code"": ""colorSizeLimitedPrice"", ""name"": ""옵션할인"", ""type"": ""price_flag"", ""flag_color"": ""discount""}]",4,available,판매중,4.8,423,https://image.uniqlo.com/UQ/ST3/kr/imagesgoods/465484/item/krgoods_53_465484_3x4.jpg,https://www.uniqlo.com/kr/ko/products/E465484-000/01?colorDisplayCode=53,True,False
E466433-000,,BN바디수트(반팔·포인텔),BABY,BABY,00,7900,7900,7900,"[{""code"": ""discount"", ""name"": ""2026/06/09부터 가격인하"", ""type"": ""price_flag"", ""flag_color"": ""discount""}]",2,available,판매중,4.4,7,https://image.uniqlo.com/UQ/ST3/AsianCommon/imagesgoods/466433/item/goods_10_466433_3x4.jpg,https://www.uniqlo.com/kr/ko/products/E466433-000/00?colorDisplayCode=10,True,False
E469409-000,,메리노크루넥스웨터(반팔),WOMEN,WOMEN,01,19900,19900,19900,"[{""code"": ""discount"", ""name"": ""2026/06/09부터 가격인하"", ""type"": ""price_flag"", ""flag_color"": ""discount""}, {""code"": ""colorSizeLimitedPrice"", ""name"": ""옵션할인"", ""type"": ""price_flag"", ""flag_color"": ""discount""}]",5,available,판매중,4.6,348,https://image.uniqlo.com/UQ/ST3/kr/imagesgoods/469409/item/krgoods_63_469409_3x4.jpg,https://www.uniqlo.com/kr/ko/products/E469409-000/01?colorDisplayCode=63,True,False
E469410-000,,메리노크루넥스웨터,WOMEN,WOMEN,01,19900,19900,19900,"[{""code"": ""discount"", ""name"": ""2026/03/31부터 가격인하"", ""type"": ""price_flag"", ""flag_color"": ""discount""}, {""code"": ""colorSizeLimitedPrice"", ""name"": ""옵션할인"", ""type"": ""price_flag"", ""flag_color"": ""discount""}]",1,available,판매중,4.7,325,https://image.uniqlo.com/UQ/ST3/kr/imagesgoods/469410/item/krgoods_16_469410_3x4.jpg,https://www.uniqlo.com/kr/ko/products/E469410-000/01?colorDisplayCode=16,True,False
E469863-000,,PUFFTECH컴팩트베스트,WOMEN,WOMEN,01,29900,29900,29900,"[{""code"": ""discount"", ""name"": ""2026/04/28부터 가격인하"", ""type"": ""price_flag"", ""flag_color"": ""discount""}, {""code"": ""colorSizeLimitedPrice"", ""name"": ""옵션할인"", ""type"": ""price_flag"", ""flag_color"": ""discount""}]",1,available,판매중,4.7,270,https://image.uniqlo.com/UQ/ST3/kr/imagesgoods/469863/item/krgoods_00_469863_3x4.jpg,https://www.uniqlo.com/kr/ko/products/E469863-000/01?colorDisplayCode=00,True,False
E469871-000,,PUFFTECH파카,WOMEN,WOMEN,00,69900,69900,69900,"[{""code"": ""discount"", ""name"": ""2026/01/20부터 가격인하"", ""type"": ""price_flag"", ""flag_color"": ""discount""}]",7,available,판매중,4.8,371,https://image.uniqlo.com/UQ/ST3/AsianCommon/imagesgoods/469871/item/goods_06_469871_3x4.jpg,https://www.uniqlo.com/kr/ko/products/E469871-000/00?colorDisplayCode=06,True,False
E470118-000,,PUFFTECH파카,MEN,MEN,00,69900,69900,69900,"[{""code"": ""discount"", ""name"": ""2026/01/20부터 가격인하"", ""type"": ""price_flag"", ""flag_color"": ""discount""}]",7,available,판매중,4.8,615,https://image.uniqlo.com/UQ/ST3/AsianCommon/imagesgoods/470118/item/goods_01_470118_3x4.jpg,https://www.uniqlo.com/kr/ko/products/E470118-000/00?colorDisplayCode=01,True,False
E473633-000,,BT릴랙스핏크롭레깅스(7부)AIRism,BABY,BABY,00,7900,7900,7900,"[{""code"": ""discount"", ""name"": ""2026/06/09부터 가격인하"", ""type"": ""price_flag"", ""flag_color"": ""discount""}]",1,available,판매중,4.9,33,https://image.uniqlo.com/UQ/ST3/AsianCommon/imagesgoods/473633/item/goods_53_473633_3x4.jpg,https://www.uniqlo.com/kr/ko/products/E473633-000/00?colorDisplayCode=53,True,False
E473791-000,,리넨블렌드이지팬츠,WOMEN,WOMEN,01,29900,29900,29900,"[{""code"": ""discount"", ""name"": ""2026/05/26부터 가격인하"", ""type"": ""price_flag"", ""flag_color"": ""discount""}, {""code"": ""colorSizeLimitedPrice"", ""name"": ""옵션할인"", ""type"": ""price_flag"", ""flag_color"": ""discount""}]",4,available,판매중,4.7,292,https://image.uniqlo.com/UQ/ST3/kr/imagesgoods/473791/item/krgoods_65_473791_3x4.jpg,https://www.uniqlo.com/kr/ko/products/E473791-000/01?colorDisplayCode=65,True,False
E474175-000,,포켓터블UV PROTECTION파카,WOMEN,WOMEN,01,39900,39900,39900,"[{""code"": ""discount"", ""name"": ""2026/06/09부터 가격인하"", ""type"": ""price_flag"", ""flag_color"": ""discount""}, {""code"": ""colorSizeLimitedPrice"", ""name"": ""옵션할인"", ""type"": ""price_flag"", ""flag_color"": ""discount""}]",7,available,판매중,4.8,542,https://image.uniqlo.com/UQ/ST3/kr/imagesgoods/474175/item/krgoods_54_474175_3x4.jpg,https://www.uniqlo.com/kr/ko/products/E474175-000/01?colorDisplayCode=54,True,False
E475367-000,,AIRism코튼피케폴로셔츠,UNISEX,MEN,01,29900,29900,29900,"[{""code"": ""discount"", ""name"": ""2026/06/09부터 가격인하"", ""type"": ""price_flag"", ""flag_color"": ""discount""}, {""code"": ""colorSizeLimitedPrice"", ""name"": ""옵션할인"", ""type"": ""price_flag"", ""flag_color"": ""discount""}]",8,available,판매중,4.8,178,https://image.uniqlo.com/UQ/ST3/kr/imagesgoods/475367/item/krgoods_11_475367_3x4.jpg,https://www.uniqlo.com/kr/ko/products/E475367-000/01?colorDisplayCode=11,True,False
E475377-000,,스웨트셔츠,MEN,MEN,00,19900,19900,19900,"[{""code"": ""discount"", ""name"": ""2026/05/19부터 가격인하"", ""type"": ""price_flag"", ""flag_color"": ""discount""}]",4,available,판매중,4.8,200,https://image.uniqlo.com/UQ/ST3/kr/imagesgoods/475377/item/krgoods_09_475377_3x4.jpg,https://www.uniqlo.com/kr/ko/products/E475377-000/00?colorDisplayCode=09,True,False
E476081-000,,스트레치이지쇼트팬츠,MEN,MEN,01,12900,12900,12900,"[{""code"": ""discount"", ""name"": ""2026/06/09부터 가격인하"", ""type"": ""price_flag"", ""flag_color"": ""discount""}, {""code"": ""colorSizeLimitedPrice"", ""name"": ""옵션할인"", ""type"": ""price_flag"", ""flag_color"": ""discount""}]",1,available,판매중,4.8,61,https://image.uniqlo.com/UQ/ST3/kr/imagesgoods/476081/item/krgoods_08_476081_3x4.jpg,https://www.uniqlo.com/kr/ko/products/E476081-000/01?colorDisplayCode=08,True,False
E476606-000,,울트라스트레치액티브테이퍼드팬츠(다리길이65~71cm),MEN,MEN,00,19900,19900,19900,"[{""code"": ""discount"", ""name"": ""2026/06/09부터 가격인하"", ""type"": ""price_flag"", ""flag_color"": ""discount""}]",2,available,판매중,4.3,3,https://image.uniqlo.com/UQ/ST3/AsianCommon/imagesgoods/476606/item/goods_38_476606_3x4.jpg,https://www.uniqlo.com/kr/ko/products/E476606-000/00?colorDisplayCode=38,True,False
E476975-000,,UV PROTECTION크루넥가디건(스트라이프),WOMEN,WOMEN,01,29900,29900,29900,"[{""code"": ""discount"", ""name"": ""2026/06/09부터 가격인하"", ""type"": ""price_flag"", ""flag_color"": ""discount""}, {""code"": ""colorSizeLimitedPrice"", ""name"": ""옵션할인"", ""type"": ""price_flag"", ""flag_color"": ""discount""}]",7,available,판매중,4.8,128,https://image.uniqlo.com/UQ/ST3/kr/imagesgoods/476975/item/krgoods_17_476975_3x4.jpg,https://www.uniqlo.com/kr/ko/products/E476975-000/01?colorDisplayCode=17,True,False
E478231-000,,윈드블럭파카,UNISEX,MEN,00,29900,29900,29900,"[{""code"": ""discount"", ""name"": ""2026/06/09부터 가격인하"", ""type"": ""price_flag"", ""flag_color"": ""discount""}]",2,available,판매중,4.8,152,https://image.uniqlo.com/UQ/ST3/kr/imagesgoods/478231/item/krgoods_26_478231_3x4.jpg,https://www.uniqlo.com/kr/ko/products/E478231-000/00?colorDisplayCode=26,True,False
E478411-000,,BN Picture Book바디수트(반팔)A,BABY,BABY,00,7900,7900,7900,"[{""code"": ""discount"", ""name"": ""2026/06/09부터 가격인하"", ""type"": ""price_flag"", ""flag_color"": ""discount""}]",1,available,판매중,5,6,https://image.uniqlo.com/UQ/ST3/AsianCommon/imagesgoods/478411/item/goods_10_478411_3x4.jpg,https://www.uniqlo.com/kr/ko/products/E478411-000/00?colorDisplayCode=10,True,False
E478415-000,,BN Picture Book바디수트(반팔)B,BABY,BABY,00,7900,7900,7900,"[{""code"": ""discount"", ""name"": ""2026/06/09부터 가격인하"", ""type"": ""price_flag"", ""flag_color"": ""discount""}]",3,available,판매중,5,5,https://image.uniqlo.com/UQ/ST3/AsianCommon/imagesgoods/478415/item/goods_60_478415_3x4.jpg,https://www.uniqlo.com/kr/ko/products/E478415-000/00?colorDisplayCode=60,True,False
E478444-000,,BT히트텍코튼크루넥T(긴팔),BABY,BABY,00,7900,7900,7900,"[{""code"": ""discount"", ""name"": ""2025/12/30부터 가격인하"", ""type"": ""price_flag"", ""flag_color"": ""discount""}]",3,available,판매중,4.9,35,https://image.uniqlo.com/UQ/ST3/AsianCommon/imagesgoods/478444/item/goods_01_478444_3x4.jpg,https://www.uniqlo.com/kr/ko/products/E478444-000/00?colorDisplayCode=01,True,False
E478456-000,,BT히트텍코튼레깅스,BABY,BABY,00,7900,7900,7900,"[{""code"": ""discount"", ""name"": ""2025/12/30부터 가격인하"", ""type"": ""price_flag"", ""flag_color"": ""discount""}]",3,available,판매중,4.9,44,https://image.uniqlo.com/UQ/ST3/AsianCommon/imagesgoods/478456/item/goods_01_478456_3x4.jpg,https://www.uniqlo.com/kr/ko/products/E478456-000/00?colorDisplayCode=01,True,False
E479194-000,,와이어리스브라(스트레치홀드),WOMEN,WOMEN,00,9900,9900,9900,"[{""code"": ""discount"", ""name"": ""2026/05/26부터 가격인하"", ""type"": ""price_flag"", ""flag_color"": ""discount""}]",1,available,판매중,4.5,116,https://image.uniqlo.com/UQ/ST3/kr/imagesgoods/479194/item/krgoods_31_479194_3x4.jpg,https://www.uniqlo.com/kr/ko/products/E479194-000/00?colorDisplayCode=11,True,False
E479229-000,,코튼블렌드쇼트파카,WOMEN,WOMEN,00,39900,39900,39900,"[{""code"": ""discount"", ""name"": ""2026/05/26부터 가격인하"", ""type"": ""price_flag"", ""flag_color"": ""discount""}]",7,available,판매중,4.6,98,https://image.uniqlo.com/UQ/ST3/kr/imagesgoods/479229/item/krgoods_11_479229_3x4.jpg,https://www.uniqlo.com/kr/ko/products/E479229-000/00?colorDisplayCode=11,True,False
E479292-000,,스마트와이드팬츠(다리길이70~74cm),WOMEN,WOMEN,00,39900,39900,39900,"[{""code"": ""discount"", ""name"": ""2026/06/09부터 가격인하"", ""type"": ""price_flag"", ""flag_color"": ""discount""}]",5,available,판매중,4.6,52,https://image.uniqlo.com/UQ/ST3/kr/imagesgoods/479292/item/krgoods_09_479292_3x4.jpg,https://www.uniqlo.com/kr/ko/products/E479292-000/00?colorDisplayCode=09,True,False
E479298-000,,스마트앵클팬츠(다리길이64~68cm),WOMEN,WOMEN,00,19900,19900,19900,"[{""code"": ""discount"", ""name"": ""2026/05/26부터 가격인하"", ""type"": ""price_flag"", ""flag_color"": ""discount""}]",1,available,판매중,4.7,42,https://image.uniqlo.com/UQ/ST3/kr/imagesgoods/479298/item/krgoods_30_479298_3x4.jpg,https://www.uniqlo.com/kr/ko/products/E479298-000/00?colorDisplayCode=30,True,False
E479382-000,,기어팬츠(다리길이70~76cm),MEN,MEN,00,39900,39900,39900,"[{""code"": ""discount"", ""name"": ""2026/06/09부터 가격인하"", ""type"": ""price_flag"", ""flag_color"": ""discount""}]",2,available,판매중,4.6,51,https://image.uniqlo.com/UQ/ST3/AsianCommon/imagesgoods/479382/item/goods_31_479382_3x4.jpg,https://www.uniqlo.com/kr/ko/products/E479382-000/00?colorDisplayCode=31,True,False
E479424-000,,스트레이트치노팬츠,MEN,MEN,00,29900,29900,29900,"[{""code"": ""discount"", ""name"": ""2026/05/26부터 가격인하"", ""type"": ""price_flag"", ""flag_color"": ""discount""}]",5,available,판매중,4.8,326,https://image.uniqlo.com/UQ/ST3/kr/imagesgoods/479424/item/krgoods_38_479424_3x4.jpg,https://www.uniqlo.com/kr/ko/products/E479424-000/00?colorDisplayCode=38,True,False
E479575-000,,KIDS스트레치이지팬츠,KIDS,KIDS,00,19900,19900,19900,"[{""code"": ""discount"", ""name"": ""2026/06/09부터 가격인하"", ""type"": ""price_flag"", ""flag_color"": ""discount""}]",6,available,판매중,4.8,33,https://image.uniqlo.com/UQ/ST3/kr/imagesgoods/479575/item/krgoods_32_479575_3x4.jpg,https://www.uniqlo.com/kr/ko/products/E479575-000/00?colorDisplayCode=32,True,False
E479620-000,,스웨트와이드팬츠(다리길이70~73cm),WOMEN,WOMEN,01,29900,29900,29900,"[{""code"": ""discount"", ""name"": ""2026/06/09부터 가격인하"", ""type"": ""price_flag"", ""flag_color"": ""discount""}, {""code"": ""colorSizeLimitedPrice"", ""name"": ""옵션할인"", ""type"": ""price_flag"", ""flag_color"": ""discount""}]",3,available,판매중,4.6,134,https://image.uniqlo.com/UQ/ST3/kr/imagesgoods/479620/item/krgoods_10_479620_3x4.jpg,https://www.uniqlo.com/kr/ko/products/E479620-000/01?colorDisplayCode=03,True,False
E480841-000,,KIDS스트레치이지팬츠(데님),KIDS,KIDS,00,19900,19900,19900,"[{""code"": ""discount"", ""name"": ""2026/06/09부터 가격인하"", ""type"": ""price_flag"", ""flag_color"": ""discount""}]",6,available,판매중,4.9,25,https://image.uniqlo.com/UQ/ST3/AsianCommon/imagesgoods/480841/item/goods_65_480841_3x4.jpg,https://www.uniqlo.com/kr/ko/products/E480841-000/00?colorDisplayCode=65,True,False
E480861-000,,KIDS포켓터블UV PROTECTION파카(컬러블록),KIDS,KIDS,01,19900,19900,19900,"[{""code"": ""discount"", ""name"": ""2026/05/26부터 가격인하"", ""type"": ""price_flag"", ""flag_color"": ""discount""}, {""code"": ""colorSizeLimitedPrice"", ""name"": ""옵션할인"", ""type"": ""price_flag"", ""flag_color"": ""discount""}]",1,available,판매중,4.9,24,https://image.uniqlo.com/UQ/ST3/kr/imagesgoods/480861/item/krgoods_67_480861_3x4.jpg,https://www.uniqlo.com/kr/ko/products/E480861-000/01?colorDisplayCode=55,True,False
E481610-000,,라운드미니숄더백,UNISEX,WOMEN,01,12900,12900,12900,"[{""code"": ""discount"", ""name"": ""2026/06/09부터 가격인하"", ""type"": ""price_flag"", ""flag_color"": ""discount""}, {""code"": ""colorSizeLimitedPrice"", ""name"": ""옵션할인"", ""type"": ""price_flag"", ""flag_color"": ""discount""}]",1,available,판매중,4.8,136,https://image.uniqlo.com/UQ/ST3/AsianCommon/imagesgoods/481610/item/goods_63_481610_3x4.jpg,https://www.uniqlo.com/kr/ko/products/E481610-000/01?colorDisplayCode=63,True,False
E481727-000,,니트V넥가디건,UNISEX,MEN,00,39900,39900,39900,"[{""code"": ""discount"", ""name"": ""2026/06/09부터 가격인하"", ""type"": ""price_flag"", ""flag_color"": ""discount""}]",4,available,판매중,4.7,12,https://image.uniqlo.com/UQ/ST3/kr/imagesgoods/481727/item/krgoods_38_481727_3x4.jpg,https://www.uniqlo.com/kr/ko/products/E481727-000/00?colorDisplayCode=38,True,False
E481745-001,,BN Picture Book바디수트(반팔)A 60cm,BABY,BABY,00,7900,7900,7900,"[{""code"": ""discount"", ""name"": ""2026/06/09부터 가격인하"", ""type"": ""price_flag"", ""flag_color"": ""discount""}]",1,available,판매중,5,1,https://image.uniqlo.com/UQ/ST3/kr/imagesgoods/481745001/item/krgoods_60_481745001_3x4.jpg,https://www.uniqlo.com/kr/ko/products/E481745-001/00?colorDisplayCode=60,True,False
E481748-000,,BN Picture Book바디수트(반팔)B,BABY,BABY,00,7900,7900,7900,"[{""code"": ""discount"", ""name"": ""2026/06/09부터 가격인하"", ""type"": ""price_flag"", ""flag_color"": ""discount""}]",3,available,판매중,0,0,https://image.uniqlo.com/UQ/ST3/AsianCommon/imagesgoods/481748/item/goods_01_481748_3x4.jpg,https://www.uniqlo.com/kr/ko/products/E481748-000/00?colorDisplayCode=01,True,False
E481780-000,,BT AIRism크롭레깅스(7부·립),BABY,BABY,01,7900,7900,7900,"[{""code"": ""discount"", ""name"": ""2026/06/09부터 가격인하"", ""type"": ""price_flag"", ""flag_color"": ""discount""}, {""code"": ""colorSizeLimitedPrice"", ""name"": ""옵션할인"", ""type"": ""price_flag"", ""flag_color"": ""discount""}]",6,available,판매중,5,4,https://image.uniqlo.com/UQ/ST3/AsianCommon/imagesgoods/481780/item/goods_42_481780_3x4.jpg,https://www.uniqlo.com/kr/ko/products/E481780-000/01?colorDisplayCode=42,True,False
E481830-001,,BN바디수트(반팔·프린트)60cm,BABY,BABY,00,7900,7900,7900,"[{""code"": ""discount"", ""name"": ""2026/06/09부터 가격인하"", ""type"": ""price_flag"", ""flag_color"": ""discount""}]",1,available,판매중,5,2,https://image.uniqlo.com/UQ/ST3/kr/imagesgoods/481830001/item/krgoods_01_481830001_3x4.jpg,https://www.uniqlo.com/kr/ko/products/E481830-001/00?colorDisplayCode=11,True,False
E482194-000,,립브라탑,WOMEN,WOMEN,01,19900,19900,19900,"[{""code"": ""discount"", ""name"": ""2026/06/09부터 가격인하"", ""type"": ""price_flag"", ""flag_color"": ""discount""}, {""code"": ""colorSizeLimitedPrice"", ""name"": ""옵션할인"", ""type"": ""price_flag"", ""flag_color"": ""discount""}]",5,available,판매중,4.8,86,https://image.uniqlo.com/UQ/ST3/kr/imagesgoods/482194/item/krgoods_18_482194_3x4.jpg,https://www.uniqlo.com/kr/ko/products/E482194-000/01?colorDisplayCode=18,True,False
E482198-000,,립브라탑(링거),WOMEN,WOMEN,01,19900,19900,19900,"[{""code"": ""discount"", ""name"": ""2026/06/09부터 가격인하"", ""type"": ""price_flag"", ""flag_color"": ""discount""}, {""code"": ""colorSizeLimitedPrice"", ""name"": ""옵션할인"", ""type"": ""price_flag"", ""flag_color"": ""discount""}]",7,available,판매중,4.8,22,https://image.uniqlo.com/UQ/ST3/kr/imagesgoods/482198/item/krgoods_58_482198_3x4.jpg,https://www.uniqlo.com/kr/ko/products/E482198-000/01?colorDisplayCode=58,True,False
E482256-000,,배럴앵클팬츠,WOMEN,WOMEN,01,19900,19900,19900,"[{""code"": ""discount"", ""name"": ""2026/06/09부터 가격인하"", ""type"": ""price_flag"", ""flag_color"": ""discount""}, {""code"": ""colorSizeLimitedPrice"", ""name"": ""옵션할인"", ""type"": ""price_flag"", ""flag_color"": ""discount""}]",2,available,판매중,4.8,54,https://image.uniqlo.com/UQ/ST3/kr/imagesgoods/482256/item/krgoods_09_482256_3x4.jpg,https://www.uniqlo.com/kr/ko/products/E482256-000/01?colorDisplayCode=09,True,False
E482273-000,,리넨블렌드커버롤,WOMEN,WOMEN,00,29900,29900,29900,"[{""code"": ""discount"", ""name"": ""2026/05/26부터 가격인하"", ""type"": ""price_flag"", ""flag_color"": ""discount""}]",5,available,판매중,4.9,20,https://image.uniqlo.com/UQ/ST3/kr/imagesgoods/482273/item/krgoods_09_482273_3x4.jpg,https://www.uniqlo.com/kr/ko/products/E482273-000/00?colorDisplayCode=09,True,False
E482285-000,,리넨블렌드턱롱스커트(치마길이75~79cm),WOMEN,WOMEN,01,29900,29900,29900,"[{""code"": ""discount"", ""name"": ""2026/05/26부터 가격인하"", ""type"": ""price_flag"", ""flag_color"": ""discount""}, {""code"": ""colorSizeLimitedPrice"", ""name"": ""옵션할인"", ""type"": ""price_flag"", ""flag_color"": ""discount""}]",1,available,판매중,5,13,https://image.uniqlo.com/UQ/ST3/kr/imagesgoods/482285/item/krgoods_41_482285_3x4.jpg,https://www.uniqlo.com/kr/ko/products/E482285-000/01?colorDisplayCode=41,True,False
E482290-000,,리넨블렌드미디스커트,WOMEN,WOMEN,00,29900,29900,29900,"[{""code"": ""discount"", ""name"": ""2026/06/09부터 가격인하"", ""type"": ""price_flag"", ""flag_color"": ""discount""}]",1,available,판매중,4.9,31,https://image.uniqlo.com/UQ/ST3/kr/imagesgoods/482290/item/krgoods_35_482290_3x4.jpg,https://www.uniqlo.com/kr/ko/products/E482290-000/00?colorDisplayCode=35,True,False
E482301-000,,V넥T,UNISEX,MEN,00,12900,12900,12900,"[{""code"": ""discount"", ""name"": ""2026/05/26부터 가격인하"", ""type"": ""price_flag"", ""flag_color"": ""discount""}]",6,available,판매중,4.5,20,https://image.uniqlo.com/UQ/ST3/kr/imagesgoods/482301/item/krgoods_34_482301_3x4.jpg,https://www.uniqlo.com/kr/ko/products/E482301-000/00?colorDisplayCode=34,True,False
E482304-000,,드라이피케폴로셔츠,UNISEX,MEN,01,29900,29900,29900,"[{""code"": ""discount"", ""name"": ""2026/06/09부터 가격인하"", ""type"": ""price_flag"", ""flag_color"": ""discount""}, {""code"": ""colorSizeLimitedPrice"", ""name"": ""옵션할인"", ""type"": ""price_flag"", ""flag_color"": ""discount""}]",5,available,판매중,4.6,44,https://image.uniqlo.com/UQ/ST3/kr/imagesgoods/482304/item/krgoods_25_482304_3x4.jpg,https://www.uniqlo.com/kr/ko/products/E482304-000/01?colorDisplayCode=25,True,False
E482330-000,,V넥브라탑,WOMEN,WOMEN,00,19900,19900,19900,"[{""code"": ""discount"", ""name"": ""2026/06/09부터 가격인하"", ""type"": ""price_flag"", ""flag_color"": ""discount""}]",3,available,판매중,4.8,13,https://image.uniqlo.com/UQ/ST3/kr/imagesgoods/482330/item/krgoods_62_482330_3x4.jpg,https://www.uniqlo.com/kr/ko/products/E482330-000/00?colorDisplayCode=62,True,False
E482453-000,,브로드클로스오버사이즈셔츠,UNISEX,MEN,01,19900,19900,19900,"[{""code"": ""discount"", ""name"": ""2026/06/09부터 가격인하"", ""type"": ""price_flag"", ""flag_color"": ""discount""}, {""code"": ""colorSizeLimitedPrice"", ""name"": ""옵션할인"", ""type"": ""price_flag"", ""flag_color"": ""discount""}]",3,available,판매중,4.7,29,https://image.uniqlo.com/UQ/ST3/kr/imagesgoods/482453/item/krgoods_34_482453_3x4.jpg,https://www.uniqlo.com/kr/ko/products/E482453-000/01?colorDisplayCode=34,True,False
E482454-000,,브로드클로스오버사이즈셔츠(보더)A,UNISEX,MEN,01,19900,19900,19900,"[{""code"": ""discount"", ""name"": ""2026/06/09부터 가격인하"", ""type"": ""price_flag"", ""flag_color"": ""discount""}, {""code"": ""colorSizeLimitedPrice"", ""name"": ""옵션할인"", ""type"": ""price_flag"", ""flag_color"": ""discount""}]",3,available,판매중,4.6,13,https://image.uniqlo.com/UQ/ST3/kr/imagesgoods/482454/item/krgoods_61_482454_3x4.jpg,https://www.uniqlo.com/kr/ko/products/E482454-000/01?colorDisplayCode=61,True,False
E482455-000,,브로드클로스오버사이즈셔츠(보더)B,UNISEX,MEN,01,19900,19900,19900,"[{""code"": ""discount"", ""name"": ""2026/06/09부터 가격인하"", ""type"": ""price_flag"", ""flag_color"": ""discount""}, {""code"": ""colorSizeLimitedPrice"", ""name"": ""옵션할인"", ""type"": ""price_flag"", ""flag_color"": ""discount""}]",3,available,판매중,4.5,15,https://image.uniqlo.com/UQ/ST3/kr/imagesgoods/482455/item/krgoods_65_482455_3x4.jpg,https://www.uniqlo.com/kr/ko/products/E482455-000/01?colorDisplayCode=65,True,False
E482481-000,,오픈칼라셔츠(반팔·프린트)C,MEN,MEN,01,29900,29900,29900,"[{""code"": ""discount"", ""name"": ""2026/06/09부터 가격인하"", ""type"": ""price_flag"", ""flag_color"": ""discount""}, {""code"": ""colorSizeLimitedPrice"", ""name"": ""옵션할인"", ""type"": ""price_flag"", ""flag_color"": ""discount""}]",7,available,판매중,5,1,https://image.uniqlo.com/UQ/ST3/kr/imagesgoods/482481/item/krgoods_06_482481_3x4.jpg,https://www.uniqlo.com/kr/ko/products/E482481-000/01?colorDisplayCode=06,True,False
E482646-000,,코튼이지쇼트팬츠,WOMEN,WOMEN,01,12900,12900,12900,"[{""code"": ""discount"", ""name"": ""2026/05/26부터 가격인하"", ""type"": ""price_flag"", ""flag_color"": ""discount""}, {""code"": ""colorSizeLimitedPrice"", ""name"": ""옵션할인"", ""type"": ""price_flag"", ""flag_color"": ""discount""}]",2,available,판매중,4.6,13,https://image.uniqlo.com/UQ/ST3/kr/imagesgoods/482646/item/krgoods_36_482646_3x4.jpg,https://www.uniqlo.com/kr/ko/products/E482646-000/01?colorDisplayCode=36,True,False
E482664-000,,액티브브라,WOMEN,WOMEN,00,19900,19900,19900,"[{""code"": ""discount"", ""name"": ""2026/05/26부터 가격인하"", ""type"": ""price_flag"", ""flag_color"": ""discount""}]",1,available,판매중,5,3,https://image.uniqlo.com/UQ/ST3/kr/imagesgoods/482664/item/krgoods_63_482664_3x4.jpg,https://www.uniqlo.com/kr/ko/products/E482664-000/00?colorDisplayCode=09,True,False
E482748-000,,MoMA UT(그래픽T)A,MEN,MEN,01,19900,19900,19900,"[{""code"": ""discount"", ""name"": ""2026/05/26부터 가격인하"", ""type"": ""price_flag"", ""flag_color"": ""discount""}, {""code"": ""colorSizeLimitedPrice"", ""name"": ""옵션할인"", ""type"": ""price_flag"", ""flag_color"": ""discount""}]",1,available,판매중,0,0,https://image.uniqlo.com/UQ/ST3/kr/imagesgoods/482748/item/krgoods_09_482748_3x4.jpg,https://www.uniqlo.com/kr/ko/products/E482748-000/01?colorDisplayCode=09,True,False
E482749-000,,Louvre UT(그래픽T)A,MEN,MEN,00,19900,19900,19900,"[{""code"": ""discount"", ""name"": ""2026/05/19부터 가격인하"", ""type"": ""price_flag"", ""flag_color"": ""discount""}]",1,available,판매중,5,1,https://image.uniqlo.com/UQ/ST3/kr/imagesgoods/482749/item/krgoods_00_482749_3x4.jpg,https://www.uniqlo.com/kr/ko/products/E482749-000/00?colorDisplayCode=00,True,False
E482750-000,,TATE UT(그래픽T)A,MEN,MEN,00,19900,19900,19900,"[{""code"": ""discount"", ""name"": ""2026/05/12부터 가격인하"", ""type"": ""price_flag"", ""flag_color"": ""discount""}]",6,available,판매중,0,0,https://image.uniqlo.com/UQ/ST3/kr/imagesgoods/482750/item/krgoods_00_482750_3x4.jpg,https://www.uniqlo.com/kr/ko/products/E482750-000/00?colorDisplayCode=00,True,False
E482757-000,,MARIO Movie UT(그래픽T)A,UNISEX,MEN,00,19900,19900,19900,"[{""code"": ""discount"", ""name"": ""2026/06/09부터 가격인하"", ""type"": ""price_flag"", ""flag_color"": ""discount""}]",5,available,판매중,0,0,https://image.uniqlo.com/UQ/ST3/kr/imagesgoods/482757/item/krgoods_00_482757_3x4.jpg,https://www.uniqlo.com/kr/ko/products/E482757-000/00?colorDisplayCode=00,True,False
E482788-000,,리넨블렌드티어드원피스(슬리브리스),WOMEN,WOMEN,00,49900,49900,49900,"[{""code"": ""discount"", ""name"": ""2026/06/09부터 가격인하"", ""type"": ""price_flag"", ""flag_color"": ""discount""}]",1,available,판매중,4.8,27,https://image.uniqlo.com/UQ/ST3/kr/imagesgoods/482788/item/krgoods_15_482788_3x4.jpg,https://www.uniqlo.com/kr/ko/products/E482788-000/00?colorDisplayCode=09,True,False
E482790-000,,코튼도비미니원피스(반팔),WOMEN,WOMEN,00,39900,39900,39900,"[{""code"": ""discount"", ""name"": ""2026/05/26부터 가격인하"", ""type"": ""price_flag"", ""flag_color"": ""discount""}]",2,available,판매중,4.3,10,https://image.uniqlo.com/UQ/ST3/kr/imagesgoods/482790/item/krgoods_09_482790_3x4.jpg,https://www.uniqlo.com/kr/ko/products/E482790-000/00?colorDisplayCode=09,True,False
E482805-000,,Photo UT(그래픽T)A,MEN,MEN,00,19900,19900,19900,"[{""code"": ""discount"", ""name"": ""2026/05/19부터 가격인하"", ""type"": ""price_flag"", ""flag_color"": ""discount""}]",5,available,판매중,5,2,https://image.uniqlo.com/UQ/ST3/kr/imagesgoods/482805/item/krgoods_00_482805_3x4.jpg,https://www.uniqlo.com/kr/ko/products/E482805-000/00?colorDisplayCode=00,True,False
E482808-000,,AIRism코튼브라캐미솔원피스,WOMEN,WOMEN,00,39900,39900,39900,"[{""code"": ""discount"", ""name"": ""2026/06/09부터 가격인하"", ""type"": ""price_flag"", ""flag_color"": ""discount""}]",3,available,판매중,5,1,https://image.uniqlo.com/UQ/ST3/kr/imagesgoods/482808/item/krgoods_00_482808_3x4.jpg,https://www.uniqlo.com/kr/ko/products/E482808-000/00?colorDisplayCode=00,True,False
E482823-000,,레이온블라우스(스트라이프),WOMEN,WOMEN,00,29900,29900,29900,"[{""code"": ""discount"", ""name"": ""2026/06/09부터 가격인하"", ""type"": ""price_flag"", ""flag_color"": ""discount""}]",7,available,판매중,4.7,20,https://image.uniqlo.com/UQ/ST3/kr/imagesgoods/482823/item/krgoods_61_482823_3x4.jpg,https://www.uniqlo.com/kr/ko/products/E482823-000/00?colorDisplayCode=61,True,False
E482874-000,,와이드테이퍼드진,MEN,MEN,00,19900,19900,19900,"[{""code"": ""discount"", ""name"": ""2026/06/09부터 가격인하"", ""type"": ""price_flag"", ""flag_color"": ""discount""}]",2,available,판매중,4.9,81,https://image.uniqlo.com/UQ/ST3/kr/imagesgoods/482874/item/krgoods_30_482874_3x4.jpg,https://www.uniqlo.com/kr/ko/products/E482874-000/00?colorDisplayCode=30,True,False
E482886-000,,스마트앵클팬츠(레귤러핏),MEN,MEN,01,39900,39900,39900,"[{""code"": ""discount"", ""name"": ""2026/06/09부터 가격인하"", ""type"": ""price_flag"", ""flag_color"": ""discount""}, {""code"": ""colorSizeLimitedPrice"", ""name"": ""옵션할인"", ""type"": ""price_flag"", ""flag_color"": ""discount""}]",1,available,판매중,4.9,13,https://image.uniqlo.com/UQ/ST3/kr/imagesgoods/482886/item/krgoods_06_482886_3x4.jpg,https://www.uniqlo.com/kr/ko/products/E482886-000/01?colorDisplayCode=06,True,False
E482918-000,,기어팬츠(다리길이70~76cm),MEN,MEN,00,39900,39900,39900,"[{""code"": ""discount"", ""name"": ""2026/06/09부터 가격인하"", ""type"": ""price_flag"", ""flag_color"": ""discount""}]",2,available,판매중,4.7,27,https://image.uniqlo.com/UQ/ST3/kr/imagesgoods/482918/item/krgoods_09_482918_3x4.jpg,https://www.uniqlo.com/kr/ko/products/E482918-000/00?colorDisplayCode=09,True,False
E482933-000,,프리미엄리넨와이드팬츠,MEN,MEN,00,49900,49900,49900,"[{""code"": ""discount"", ""name"": ""2026/06/09부터 가격인하"", ""type"": ""price_flag"", ""flag_color"": ""discount""}]",1,available,판매중,5,4,https://image.uniqlo.com/UQ/ST3/AsianCommon/imagesgoods/482933/item/goods_09_482933_3x4.jpg,https://www.uniqlo.com/kr/ko/products/E482933-000/00?colorDisplayCode=04,True,False
E482979-000,,박시니트T,WOMEN,WOMEN,00,19900,19900,19900,"[{""code"": ""discount"", ""name"": ""2026/06/09부터 가격인하"", ""type"": ""price_flag"", ""flag_color"": ""discount""}]",2,available,판매중,4.9,13,https://image.uniqlo.com/UQ/ST3/kr/imagesgoods/482979/item/krgoods_61_482979_3x4.jpg,https://www.uniqlo.com/kr/ko/products/E482979-000/00?colorDisplayCode=61,True,False
E482983-000,,콤비네이션원피스(슬리브리스),WOMEN,WOMEN,01,29900,29900,29900,"[{""code"": ""discount"", ""name"": ""2026/05/26부터 가격인하"", ""type"": ""price_flag"", ""flag_color"": ""discount""}, {""code"": ""colorSizeLimitedPrice"", ""name"": ""옵션할인"", ""type"": ""price_flag"", ""flag_color"": ""discount""}]",5,available,판매중,4.7,39,https://image.uniqlo.com/UQ/ST3/kr/imagesgoods/482983/item/krgoods_14_482983_3x4.jpg,https://www.uniqlo.com/kr/ko/products/E482983-000/01?colorDisplayCode=14,True,False
E483252-000,,Disney UT(그래픽T)1A,WOMEN,WOMEN,01,19900,19900,19900,"[{""code"": ""discount"", ""name"": ""2026/05/12부터 가격인하"", ""type"": ""price_flag"", ""flag_color"": ""discount""}, {""code"": ""colorSizeLimitedPrice"", ""name"": ""옵션할인"", ""type"": ""price_flag"", ""flag_color"": ""discount""}]",1,available,판매중,4.8,5,https://image.uniqlo.com/UQ/ST3/kr/imagesgoods/483252/item/krgoods_00_483252_3x4.jpg,https://www.uniqlo.com/kr/ko/products/E483252-000/01?colorDisplayCode=00,True,False
E483271-000,,MAGIC FOR ALL TIMELESS UT(그래픽T)C,MEN,MEN,00,12900,12900,12900,"[{""code"": ""discount"", ""name"": ""2026/05/26부터 가격인하"", ""type"": ""price_flag"", ""flag_color"": ""discount""}]",1,available,판매중,0,0,https://image.uniqlo.com/UQ/ST3/kr/imagesgoods/483271/item/krgoods_68_483271_3x4.jpg,https://www.uniqlo.com/kr/ko/products/E483271-000/00?colorDisplayCode=68,True,False
E483281-000,,울트라스트레치AIRism UV PROTECTION풀집후디,WOMEN,WOMEN,01,29900,29900,29900,"[{""code"": ""discount"", ""name"": ""2026/06/09부터 가격인하"", ""type"": ""price_flag"", ""flag_color"": ""discount""}, {""code"": ""colorSizeLimitedPrice"", ""name"": ""옵션할인"", ""type"": ""price_flag"", ""flag_color"": ""discount""}]",7,available,판매중,4.7,40,https://image.uniqlo.com/UQ/ST3/kr/imagesgoods/483281/item/krgoods_54_483281_3x4.jpg,https://www.uniqlo.com/kr/ko/products/E483281-000/01?colorDisplayCode=54,True,False
E483285-000,,스웨트스트레이트팬츠(다리길이69~72cm),UNISEX,WOMEN,01,29900,29900,29900,"[{""code"": ""discount"", ""name"": ""2026/06/09부터 가격인하"", ""type"": ""price_flag"", ""flag_color"": ""discount""}, {""code"": ""colorSizeLimitedPrice"", ""name"": ""옵션할인"", ""type"": ""price_flag"", ""flag_color"": ""discount""}]",2,available,판매중,4.7,89,https://image.uniqlo.com/UQ/ST3/kr/imagesgoods/483285/item/krgoods_69_483285_3x4.jpg,https://www.uniqlo.com/kr/ko/products/E483285-000/01?colorDisplayCode=69,True,False
E483295-000,,울트라스트레치액티브바이커쇼츠,WOMEN,WOMEN,00,19900,19900,19900,"[{""code"": ""discount"", ""name"": ""2026/05/26부터 가격인하"", ""type"": ""price_flag"", ""flag_color"": ""discount""}]",1,available,판매중,0,0,https://image.uniqlo.com/UQ/ST3/kr/imagesgoods/483295/item/krgoods_55_483295_3x4.jpg,https://www.uniqlo.com/kr/ko/products/E483295-000/00?colorDisplayCode=55,True,False
E483298-000,,Cheerful characters UT(그래픽T)1A,WOMEN,WOMEN,00,9900,9900,9900,"[{""code"": ""discount"", ""name"": ""2026/05/19부터 가격인하"", ""type"": ""price_flag"", ""flag_color"": ""discount""}]",5,available,판매중,4.5,12,https://image.uniqlo.com/UQ/ST3/kr/imagesgoods/483298/item/krgoods_01_483298_3x4.jpg,https://www.uniqlo.com/kr/ko/products/E483298-000/00?colorDisplayCode=01,True,False
E483366-000,,GIRLS POP MART UT(그래픽T·오버사이즈핏)B,KIDS,KIDS,00,9900,9900,9900,"[{""code"": ""discount"", ""name"": ""2026/06/09부터 가격인하"", ""type"": ""price_flag"", ""flag_color"": ""discount""}]",2,available,판매중,0,0,https://image.uniqlo.com/UQ/ST3/kr/imagesgoods/483366/item/krgoods_60_483366_3x4.jpg,https://www.uniqlo.com/kr/ko/products/E483366-000/00?colorDisplayCode=60,True,False
E483374-000,,GIRLS mofusand UT(그래픽T)B,KIDS,KIDS,00,9900,9900,9900,"[{""code"": ""discount"", ""name"": ""2026/06/09부터 가격인하"", ""type"": ""price_flag"", ""flag_color"": ""discount""}]",4,available,판매중,5,2,https://image.uniqlo.com/UQ/ST3/kr/imagesgoods/483374/item/krgoods_10_483374_3x4.jpg,https://www.uniqlo.com/kr/ko/products/E483374-000/00?colorDisplayCode=10,True,False
E483390-000,,GIRLS콤비네이션원피스(반팔),KIDS,KIDS,00,9900,9900,9900,"[{""code"": ""discount"", ""name"": ""2026/05/26부터 가격인하"", ""type"": ""price_flag"", ""flag_color"": ""discount""}]",2,available,판매중,4.7,4,https://image.uniqlo.com/UQ/ST3/kr/imagesgoods/483390/item/krgoods_00_483390_3x4.jpg,https://www.uniqlo.com/kr/ko/products/E483390-000/00?colorDisplayCode=00,True,False
E483463-000,,와플풀오픈미니T(패턴)딥넥,WOMEN,WOMEN,00,12900,12900,12900,"[{""code"": ""discount"", ""name"": ""2026/06/11부터 가격인하"", ""type"": ""price_flag"", ""flag_color"": ""discount""}]",7,available,판매중,4.7,14,https://image.uniqlo.com/UQ/ST3/kr/imagesgoods/483463/item/krgoods_00_483463_3x4.jpg,https://www.uniqlo.com/kr/ko/products/E483463-000/00?colorDisplayCode=00,True,False
E483556-000,,피케미니폴로셔츠,WOMEN,WOMEN,00,29900,29900,29900,"[{""code"": ""discount"", ""name"": ""2026/06/11부터 가격인하"", ""type"": ""price_flag"", ""flag_color"": ""discount""}]",7,available,판매중,5,3,https://image.uniqlo.com/UQ/ST3/kr/imagesgoods/483556/item/krgoods_14_483556_3x4.jpg,https://www.uniqlo.com/kr/ko/products/E483556-000/00?colorDisplayCode=14,True,False
E483564-000,,코튼셔링원피스(슬리브리스)스트라이프,WOMEN,WOMEN,00,49900,49900,49900,"[{""code"": ""discount"", ""name"": ""2026/06/11부터 가격인하"", ""type"": ""price_flag"", ""flag_color"": ""discount""}]",6,available,판매중,5,3,https://image.uniqlo.com/UQ/ST3/kr/imagesgoods/483564/item/krgoods_66_483564_3x4.jpg,https://www.uniqlo.com/kr/ko/products/E483564-000/00?colorDisplayCode=66,True,False
E483716-000,,KIDS AIRism UV PROTECTION풀집파카,KIDS,KIDS,00,19900,19900,19900,"[{""code"": ""discount"", ""name"": ""2026/06/11부터 가격인하"", ""type"": ""price_flag"", ""flag_color"": ""discount""}]",5,available,판매중,5,1,https://image.uniqlo.com/UQ/ST3/kr/imagesgoods/483716/item/krgoods_70_483716_3x4.jpg,https://www.uniqlo.com/kr/ko/products/E483716-000/00?colorDisplayCode=70,True,False
E483717-000,,KIDS AIRism UV PROTECTION풀집파카,KIDS,KIDS,00,19900,19900,19900,"[{""code"": ""discount"", ""name"": ""2026/06/11부터 가격인하"", ""type"": ""price_flag"", ""flag_color"": ""discount""}]",5,available,판매중,5,1,https://image.uniqlo.com/UQ/ST3/kr/imagesgoods/483717/item/krgoods_60_483717_3x4.jpg,https://www.uniqlo.com/kr/ko/products/E483717-000/00?colorDisplayCode=60,True,False
E483810-000,,오픈칼라쇼트재킷,WOMEN,WOMEN,00,19900,19900,19900,"[{""code"": ""discount"", ""name"": ""2026/05/26부터 가격인하"", ""type"": ""price_flag"", ""flag_color"": ""discount""}]",4,available,판매중,4.6,29,https://image.uniqlo.com/UQ/ST3/kr/imagesgoods/483810/item/krgoods_69_483810_3x4.jpg,https://www.uniqlo.com/kr/ko/products/E483810-000/00?colorDisplayCode=69,True,False
E483819-000,,유틸리티재킷,UNISEX,MEN,00,39900,39900,39900,"[{""code"": ""discount"", ""name"": ""2026/05/26부터 가격인하"", ""type"": ""price_flag"", ""flag_color"": ""discount""}]",4,available,판매중,4.9,60,https://image.uniqlo.com/UQ/ST3/kr/imagesgoods/483819/item/krgoods_01_483819_3x4.jpg,https://www.uniqlo.com/kr/ko/products/E483819-000/00?colorDisplayCode=01,True,False
E483834-000,,유틸리티파카,MEN,MEN,00,39900,39900,39900,"[{""code"": ""discount"", ""name"": ""2026/05/26부터 가격인하"", ""type"": ""price_flag"", ""flag_color"": ""discount""}]",1,available,판매중,4.9,15,https://image.uniqlo.com/UQ/ST3/kr/imagesgoods/483834/item/krgoods_31_483834_3x4.jpg,https://www.uniqlo.com/kr/ko/products/E483834-000/00?colorDisplayCode=31,True,False
E483835-000,,쇼트블루종,UNISEX,MEN,00,29900,29900,29900,"[{""code"": ""discount"", ""name"": ""2026/06/09부터 가격인하"", ""type"": ""price_flag"", ""flag_color"": ""discount""}]",5,available,판매중,4.8,67,https://image.uniqlo.com/UQ/ST3/kr/imagesgoods/483835/item/krgoods_30_483835_3x4.jpg,https://www.uniqlo.com/kr/ko/products/E483835-000/00?colorDisplayCode=30,True,False
E483836-000,,릴랙스핏재킷,MEN,MEN,00,39900,39900,39900,"[{""code"": ""discount"", ""name"": ""2026/05/26부터 가격인하"", ""type"": ""price_flag"", ""flag_color"": ""discount""}]",2,available,판매중,4.7,12,https://image.uniqlo.com/UQ/ST3/kr/imagesgoods/483836/item/krgoods_34_483836_3x4.jpg,https://www.uniqlo.com/kr/ko/products/E483836-000/00?colorDisplayCode=34,True,False
E483908-000,,드레이프이지팬츠,WOMEN,WOMEN,00,29900,29900,29900,"[{""code"": ""discount"", ""name"": ""2026/06/09부터 가격인하"", ""type"": ""price_flag"", ""flag_color"": ""discount""}]",4,available,판매중,4.6,3,https://image.uniqlo.com/UQ/ST3/kr/imagesgoods/483908/item/krgoods_68_483908_3x4.jpg,https://www.uniqlo.com/kr/ko/products/E483908-000/00?colorDisplayCode=68,True,False
E483910-000,,이지팬츠(체크),WOMEN,WOMEN,00,29900,29900,29900,"[{""code"": ""discount"", ""name"": ""2026/06/09부터 가격인하"", ""type"": ""price_flag"", ""flag_color"": ""discount""}]",4,available,판매중,5,6,https://image.uniqlo.com/UQ/ST3/kr/imagesgoods/483910/item/krgoods_61_483910_3x4.jpg,https://www.uniqlo.com/kr/ko/products/E483910-000/00?colorDisplayCode=61,True,False
E483999-000,,배기진,WOMEN,WOMEN,00,29900,29900,29900,"[{""code"": ""discount"", ""name"": ""2026/05/26부터 가격인하"", ""type"": ""price_flag"", ""flag_color"": ""discount""}]",9,available,판매중,4.6,140,https://image.uniqlo.com/UQ/ST3/kr/imagesgoods/483999/item/krgoods_30_483999_3x4.jpg,https://www.uniqlo.com/kr/ko/products/E483999-000/00?colorDisplayCode=30,True,False
E484000-000,,폴로스웨터(반팔),WOMEN,WOMEN,00,19900,19900,19900,"[{""code"": ""discount"", ""name"": ""2026/05/12부터 가격인하"", ""type"": ""price_flag"", ""flag_color"": ""discount""}]",3,available,판매중,3.6,5,https://image.uniqlo.com/UQ/ST3/kr/imagesgoods/484000/item/krgoods_41_484000_3x4.jpg,https://www.uniqlo.com/kr/ko/products/E484000-000/00?colorDisplayCode=41,True,False
E484022-000,,윈드블럭쇼트파카,WOMEN,WOMEN,00,29900,29900,29900,"[{""code"": ""discount"", ""name"": ""2026/04/28부터 가격인하"", ""type"": ""price_flag"", ""flag_color"": ""discount""}]",2,available,판매중,4.7,33,https://image.uniqlo.com/UQ/ST3/kr/imagesgoods/484022/item/krgoods_19_484022_3x4.jpg,https://www.uniqlo.com/kr/ko/products/E484022-000/00?colorDisplayCode=69,True,False
E484026-000,,코튼셔링원피스(슬리브리스)프린트,WOMEN,WOMEN,00,49900,49900,49900,"[{""code"": ""discount"", ""name"": ""2026/06/11부터 가격인하"", ""type"": ""price_flag"", ""flag_color"": ""discount""}]",6,available,판매중,4.5,2,https://image.uniqlo.com/UQ/ST3/kr/imagesgoods/484026/item/krgoods_01_484026_3x4.jpg,https://www.uniqlo.com/kr/ko/products/E484026-000/00?colorDisplayCode=01,True,False
E484029-000,,UV PROTECTION시어오버사이즈파카,WOMEN,WOMEN,00,29900,29900,29900,"[{""code"": ""discount"", ""name"": ""2026/05/26부터 가격인하"", ""type"": ""price_flag"", ""flag_color"": ""discount""}]",7,available,판매중,4.8,61,https://image.uniqlo.com/UQ/ST3/kr/imagesgoods/484029/item/krgoods_35_484029_3x4.jpg,https://www.uniqlo.com/kr/ko/products/E484029-000/00?colorDisplayCode=35,True,False
E484032-000,,코튼블렌드쇼트블루종,WOMEN,WOMEN,00,39900,39900,39900,"[{""code"": ""discount"", ""name"": ""2026/05/12부터 가격인하"", ""type"": ""price_flag"", ""flag_color"": ""discount""}]",5,available,판매중,4.8,38,https://image.uniqlo.com/UQ/ST3/kr/imagesgoods/484032/item/krgoods_72_484032_3x4.jpg,https://www.uniqlo.com/kr/ko/products/E484032-000/00?colorDisplayCode=72,True,False
E484033-000,,하이라이즈스트레이트팬츠(셋업가능),WOMEN,WOMEN,00,19900,19900,19900,"[{""code"": ""discount"", ""name"": ""2026/05/26부터 가격인하"", ""type"": ""price_flag"", ""flag_color"": ""discount""}]",2,available,판매중,4.7,22,https://image.uniqlo.com/UQ/ST3/kr/imagesgoods/484033/item/krgoods_56_484033_3x4.jpg,https://www.uniqlo.com/kr/ko/products/E484033-000/00?colorDisplayCode=09,True,False
E484037-000,,하이라이즈레귤러진,WOMEN,WOMEN,00,19900,19900,19900,"[{""code"": ""discount"", ""name"": ""2026/05/26부터 가격인하"", ""type"": ""price_flag"", ""flag_color"": ""discount""}]",5,available,판매중,4,11,https://image.uniqlo.com/UQ/ST3/kr/imagesgoods/484037/item/krgoods_67_484037_3x4.jpg,https://www.uniqlo.com/kr/ko/products/E484037-000/00?colorDisplayCode=67,True,False
E484063-000,,GIRLS드라이스웨트미니스코츠,KIDS,KIDS,00,9900,9900,9900,"[{""code"": ""discount"", ""name"": ""2026/06/09부터 가격인하"", ""type"": ""price_flag"", ""flag_color"": ""discount""}]",1,available,판매중,4.5,14,https://image.uniqlo.com/UQ/ST3/kr/imagesgoods/484063/item/krgoods_10_484063_3x4.jpg,https://www.uniqlo.com/kr/ko/products/E484063-000/00?colorDisplayCode=10,True,False
E484073-000,,워셔블버튼다운니트베스트,WOMEN,WOMEN,00,19900,19900,19900,"[{""code"": ""discount"", ""name"": ""2026/04/28부터 가격인하"", ""type"": ""price_flag"", ""flag_color"": ""discount""}]",1,available,판매중,4.2,15,https://image.uniqlo.com/UQ/ST3/kr/imagesgoods/484073/item/krgoods_68_484073_3x4.jpg,https://www.uniqlo.com/kr/ko/products/E484073-000/00?colorDisplayCode=68,True,False
E484075-000,,V넥스웨터(반팔),WOMEN,WOMEN,00,19900,19900,19900,"[{""code"": ""discount"", ""name"": ""2026/05/12부터 가격인하"", ""type"": ""price_flag"", ""flag_color"": ""discount""}]",1,available,판매중,4.1,14,https://image.uniqlo.com/UQ/ST3/kr/imagesgoods/484075/item/krgoods_74_484075_3x4.jpg,https://www.uniqlo.com/kr/ko/products/E484075-000/00?colorDisplayCode=74,True,False
E484079-000,,탱크탑,MEN,MEN,00,12900,12900,12900,"[{""code"": ""discount"", ""name"": ""2026/04/28부터 가격인하"", ""type"": ""price_flag"", ""flag_color"": ""discount""}]",1,available,판매중,4.5,15,https://image.uniqlo.com/UQ/ST3/kr/imagesgoods/484079/item/krgoods_09_484079_3x4.jpg,https://www.uniqlo.com/kr/ko/products/E484079-000/00?colorDisplayCode=09,True,False
E484085-000,,패커블숄더백,UNISEX,WOMEN,00,19900,19900,19900,"[{""code"": ""discount"", ""name"": ""2026/05/26부터 가격인하"", ""type"": ""price_flag"", ""flag_color"": ""discount""}]",1,available,판매중,4.6,40,https://image.uniqlo.com/UQ/ST3/AsianCommon/imagesgoods/484085/item/goods_65_484085_3x4.jpg,https://www.uniqlo.com/kr/ko/products/E484085-000/00?colorDisplayCode=65,True,False
E484086-000,,패커블포켓크로스바디백,UNISEX,WOMEN,00,12900,12900,12900,"[{""code"": ""discount"", ""name"": ""2026/05/26부터 가격인하"", ""type"": ""price_flag"", ""flag_color"": ""discount""}]",1,available,판매중,4.7,83,https://image.uniqlo.com/UQ/ST3/AsianCommon/imagesgoods/484086/item/goods_09_484086_3x4.jpg,https://www.uniqlo.com/kr/ko/products/E484086-000/00?colorDisplayCode=09,True,False
E484127-000,,리넨블렌드큐롯,WOMEN,WOMEN,00,29900,29900,29900,"[{""code"": ""discount"", ""name"": ""2026/05/12부터 가격인하"", ""type"": ""price_flag"", ""flag_color"": ""discount""}]",1,available,판매중,0,0,https://image.uniqlo.com/UQ/ST3/kr/imagesgoods/484127/item/krgoods_01_484127_3x4.jpg,https://www.uniqlo.com/kr/ko/products/E484127-000/00?colorDisplayCode=01,True,False
E484136-000,,워크오버사이즈셔츠,UNISEX,MEN,00,29900,29900,29900,"[{""code"": ""discount"", ""name"": ""2026/05/26부터 가격인하"", ""type"": ""price_flag"", ""flag_color"": ""discount""}]",3,available,판매중,4.9,54,https://image.uniqlo.com/UQ/ST3/kr/imagesgoods/484136/item/krgoods_36_484136_3x4.jpg,https://www.uniqlo.com/kr/ko/products/E484136-000/00?colorDisplayCode=36,True,False
E484184-000,,엠브로이더리블라우스(5부),WOMEN,WOMEN,00,29900,29900,29900,"[{""code"": ""discount"", ""name"": ""2026/04/28부터 가격인하"", ""type"": ""price_flag"", ""flag_color"": ""discount""}]",3,available,판매중,3.6,3,https://image.uniqlo.com/UQ/ST3/kr/imagesgoods/484184/item/krgoods_68_484184_3x4.jpg,https://www.uniqlo.com/kr/ko/products/E484184-000/00?colorDisplayCode=68,True,False
E484191-000,,코튼크루넥스웨터(반팔),WOMEN,WOMEN,00,29900,29900,29900,"[{""code"": ""discount"", ""name"": ""2026/04/21부터 가격인하"", ""type"": ""price_flag"", ""flag_color"": ""discount""}]",1,available,판매중,5,5,https://image.uniqlo.com/UQ/ST3/kr/imagesgoods/484191/item/krgoods_19_484191_3x4.jpg,https://www.uniqlo.com/kr/ko/products/E484191-000/00?colorDisplayCode=19,True,False
E484193-000,,코튼크루넥스웨터(슬리브리스),WOMEN,WOMEN,00,29900,29900,29900,"[{""code"": ""discount"", ""name"": ""2026/04/07부터 가격인하"", ""type"": ""price_flag"", ""flag_color"": ""discount""}]",2,available,판매중,0,0,https://image.uniqlo.com/UQ/ST3/kr/imagesgoods/484193/item/krgoods_19_484193_3x4.jpg,https://www.uniqlo.com/kr/ko/products/E484193-000/00?colorDisplayCode=16,True,False
E484227-000,,포인텔탱크탑,WOMEN,WOMEN,00,12900,12900,12900,"[{""code"": ""discount"", ""name"": ""2026/06/11부터 가격인하"", ""type"": ""price_flag"", ""flag_color"": ""discount""}]",7,available,판매중,4.5,17,https://image.uniqlo.com/UQ/ST3/kr/imagesgoods/484227/item/krgoods_17_484227_3x4.jpg,https://www.uniqlo.com/kr/ko/products/E484227-000/00?colorDisplayCode=17,True,False
E484228-000,,포인텔탱크탑(프린트),WOMEN,WOMEN,00,12900,12900,12900,"[{""code"": ""discount"", ""name"": ""2026/06/11부터 가격인하"", ""type"": ""price_flag"", ""flag_color"": ""discount""}]",7,available,판매중,5,17,https://image.uniqlo.com/UQ/ST3/kr/imagesgoods/484228/item/krgoods_01_484228_3x4.jpg,https://www.uniqlo.com/kr/ko/products/E484228-000/00?colorDisplayCode=01,True,False
E484231-000,,시어T(긴팔),WOMEN,WOMEN,00,12900,12900,12900,"[{""code"": ""discount"", ""name"": ""2026/06/09부터 가격인하"", ""type"": ""price_flag"", ""flag_color"": ""discount""}]",7,available,판매중,4.8,72,https://image.uniqlo.com/UQ/ST3/kr/imagesgoods/484231/item/krgoods_40_484231_3x4.jpg,https://www.uniqlo.com/kr/ko/products/E484231-000/00?colorDisplayCode=40,True,False
E484244-000,,옥스포드오버사이즈셔츠,UNISEX,MEN,01,29900,29900,29900,"[{""code"": ""discount"", ""name"": ""2026/06/09부터 가격인하"", ""type"": ""price_flag"", ""flag_color"": ""discount""}, {""code"": ""colorSizeLimitedPrice"", ""name"": ""옵션할인"", ""type"": ""price_flag"", ""flag_color"": ""discount""}]",7,available,판매중,4.7,28,https://image.uniqlo.com/UQ/ST3/kr/imagesgoods/484244/item/krgoods_41_484244_3x4.jpg,https://www.uniqlo.com/kr/ko/products/E484244-000/01?colorDisplayCode=41,True,False
E484249-000,,집업블루종,MEN,MEN,02,29900,29900,29900,"[{""code"": ""discount"", ""name"": ""2026/05/26부터 가격인하"", ""type"": ""price_flag"", ""flag_color"": ""discount""}, {""code"": ""colorSizeLimitedPrice"", ""name"": ""옵션할인"", ""type"": ""price_flag"", ""flag_color"": ""discount""}]",2,available,판매중,4.7,91,https://image.uniqlo.com/UQ/ST3/kr/imagesgoods/484249/item/krgoods_12_484249_3x4.jpg,https://www.uniqlo.com/kr/ko/products/E484249-000/02?colorDisplayCode=12,True,False
E484266-000,,미니T(스트라이프),WOMEN,WOMEN,00,12900,12900,12900,"[{""code"": ""discount"", ""name"": ""2026/06/09부터 가격인하"", ""type"": ""price_flag"", ""flag_color"": ""discount""}]",3,available,판매중,0,0,https://image.uniqlo.com/UQ/ST3/kr/imagesgoods/484266/item/krgoods_31_484266_3x4.jpg,https://www.uniqlo.com/kr/ko/products/E484266-000/00?colorDisplayCode=31,True,False
E484398-000,,드라이스트레치스웨트재킷,UNISEX,MEN,01,39900,39900,39900,"[{""code"": ""discount"", ""name"": ""2026/06/09부터 가격인하"", ""type"": ""price_flag"", ""flag_color"": ""discount""}, {""code"": ""colorSizeLimitedPrice"", ""name"": ""옵션할인"", ""type"": ""price_flag"", ""flag_color"": ""discount""}]",1,available,판매중,5,2,https://image.uniqlo.com/UQ/ST3/kr/imagesgoods/484398/item/krgoods_09_484398_3x4.jpg,https://www.uniqlo.com/kr/ko/products/E484398-000/01?colorDisplayCode=09,True,False
E484407-000,,삭스3P(크루슬러브),WOMEN,WOMEN,00,9900,9900,9900,"[{""code"": ""discount"", ""name"": ""2026/05/19부터 가격인하"", ""type"": ""price_flag"", ""flag_color"": ""discount""}]",1,available,판매중,4.5,4,https://image.uniqlo.com/UQ/ST3/AsianCommon/imagesgoods/484407/item/goods_68_484407_3x4.jpg,https://www.uniqlo.com/kr/ko/products/E484407-000/00?colorDisplayCode=31,True,False
E484430-000,,울트라스트레치스키니진,WOMEN,WOMEN,00,12900,12900,12900,"[{""code"": ""discount"", ""name"": ""2026/05/19부터 가격인하"", ""type"": ""price_flag"", ""flag_color"": ""discount""}]",4,available,판매중,5,4,https://image.uniqlo.com/UQ/ST3/kr/imagesgoods/484430/item/krgoods_69_484430_3x4.jpg,https://www.uniqlo.com/kr/ko/products/E484430-000/00?colorDisplayCode=69,True,False
E484460-000,,Disney UT(그래픽T)1C,WOMEN,WOMEN,01,19900,19900,19900,"[{""code"": ""discount"", ""name"": ""2026/05/12부터 가격인하"", ""type"": ""price_flag"", ""flag_color"": ""discount""}, {""code"": ""colorSizeLimitedPrice"", ""name"": ""옵션할인"", ""type"": ""price_flag"", ""flag_color"": ""discount""}]",2,available,판매중,0,0,https://image.uniqlo.com/UQ/ST3/kr/imagesgoods/484460/item/krgoods_02_484460_3x4.jpg,https://www.uniqlo.com/kr/ko/products/E484460-000/01?colorDisplayCode=02,True,False
E484461-000,,Disney UT(그래픽T)1D,WOMEN,WOMEN,01,19900,19900,19900,"[{""code"": ""discount"", ""name"": ""2026/05/12부터 가격인하"", ""type"": ""price_flag"", ""flag_color"": ""discount""}, {""code"": ""colorSizeLimitedPrice"", ""name"": ""옵션할인"", ""type"": ""price_flag"", ""flag_color"": ""discount""}]",1,available,판매중,0,0,https://image.uniqlo.com/UQ/ST3/kr/imagesgoods/484461/item/krgoods_68_484461_3x4.jpg,https://www.uniqlo.com/kr/ko/products/E484461-000/01?colorDisplayCode=68,True,False
E484490-000,,Cheerful characters UT(그래픽T)1B,WOMEN,WOMEN,00,9900,9900,9900,"[{""code"": ""discount"", ""name"": ""2026/05/19부터 가격인하"", ""type"": ""price_flag"", ""flag_color"": ""discount""}]",3,available,판매중,4.4,23,https://image.uniqlo.com/UQ/ST3/kr/imagesgoods/484490/item/krgoods_07_484490_3x4.jpg,https://www.uniqlo.com/kr/ko/products/E484490-000/00?colorDisplayCode=07,True,False
E484491-000,,Cheerful characters UT(그래픽T)1C,WOMEN,WOMEN,00,9900,9900,9900,"[{""code"": ""discount"", ""name"": ""2026/05/19부터 가격인하"", ""type"": ""price_flag"", ""flag_color"": ""discount""}]",4,available,판매중,4.6,8,https://image.uniqlo.com/UQ/ST3/kr/imagesgoods/484491/item/krgoods_00_484491_3x4.jpg,https://www.uniqlo.com/kr/ko/products/E484491-000/00?colorDisplayCode=00,True,False
E484492-000,,Cheerful characters UT(그래픽T)1D,WOMEN,WOMEN,00,9900,9900,9900,"[{""code"": ""discount"", ""name"": ""2026/05/19부터 가격인하"", ""type"": ""price_flag"", ""flag_color"": ""discount""}]",3,available,판매중,4.7,19,https://image.uniqlo.com/UQ/ST3/kr/imagesgoods/484492/item/krgoods_60_484492_3x4.jpg,https://www.uniqlo.com/kr/ko/products/E484492-000/00?colorDisplayCode=60,True,False
E484493-000,,Cheerful characters UT(그래픽T)2E,WOMEN,WOMEN,00,9900,9900,9900,"[{""code"": ""discount"", ""name"": ""2026/05/19부터 가격인하"", ""type"": ""price_flag"", ""flag_color"": ""discount""}]",3,available,판매중,4.9,14,https://image.uniqlo.com/UQ/ST3/kr/imagesgoods/484493/item/krgoods_02_484493_3x4.jpg,https://www.uniqlo.com/kr/ko/products/E484493-000/00?colorDisplayCode=02,True,False
E484494-000,,Cheerful characters UT(그래픽T)2F,WOMEN,WOMEN,00,9900,9900,9900,"[{""code"": ""discount"", ""name"": ""2026/05/19부터 가격인하"", ""type"": ""price_flag"", ""flag_color"": ""discount""}]",5,available,판매중,4.5,8,https://image.uniqlo.com/UQ/ST3/kr/imagesgoods/484494/item/krgoods_36_484494_3x4.jpg,https://www.uniqlo.com/kr/ko/products/E484494-000/00?colorDisplayCode=36,True,False
E484505-000,,UV PROTECTION크루넥가디건(컬러블록),WOMEN,WOMEN,00,29900,29900,29900,"[{""code"": ""discount"", ""name"": ""2026/06/09부터 가격인하"", ""type"": ""price_flag"", ""flag_color"": ""discount""}]",1,available,판매중,4.8,5,https://image.uniqlo.com/UQ/ST3/kr/imagesgoods/484505/item/krgoods_69_484505_3x4.jpg,https://www.uniqlo.com/kr/ko/products/E484505-000/00?colorDisplayCode=01,True,False
E484604-000,,이지팬츠(깅엄체크),WOMEN,WOMEN,00,29900,29900,29900,"[{""code"": ""discount"", ""name"": ""2026/06/09부터 가격인하"", ""type"": ""price_flag"", ""flag_color"": ""discount""}]",4,available,판매중,4.5,2,https://image.uniqlo.com/UQ/ST3/kr/imagesgoods/484604/item/krgoods_36_484604_3x4.jpg,https://www.uniqlo.com/kr/ko/products/E484604-000/00?colorDisplayCode=36,True,False
E484605-000,,이지팬츠(스트라이프),WOMEN,WOMEN,00,29900,29900,29900,"[{""code"": ""discount"", ""name"": ""2026/06/09부터 가격인하"", ""type"": ""price_flag"", ""flag_color"": ""discount""}]",4,available,판매중,5,1,https://image.uniqlo.com/UQ/ST3/kr/imagesgoods/484605/item/krgoods_62_484605_3x4.jpg,https://www.uniqlo.com/kr/ko/products/E484605-000/00?colorDisplayCode=62,True,False
E484610-000,,해링턴재킷,UNISEX,MEN,01,69900,69900,69900,"[{""code"": ""discount"", ""name"": ""2026/06/09부터 가격인하"", ""type"": ""price_flag"", ""flag_color"": ""discount""}, {""code"": ""colorSizeLimitedPrice"", ""name"": ""옵션할인"", ""type"": ""price_flag"", ""flag_color"": ""discount""}]",6,available,판매중,4.8,118,https://image.uniqlo.com/UQ/ST3/kr/imagesgoods/484610/item/krgoods_57_484610_3x4.jpg,https://www.uniqlo.com/kr/ko/products/E484610-000/01?colorDisplayCode=57,True,False
E484662-000,,턱와이드테이퍼드팬츠,UNISEX,MEN,00,19900,19900,19900,"[{""code"": ""discount"", ""name"": ""2026/06/09부터 가격인하"", ""type"": ""price_flag"", ""flag_color"": ""discount""}]",1,available,판매중,4.4,25,https://image.uniqlo.com/UQ/ST3/kr/imagesgoods/484662/item/krgoods_05_484662_3x4.jpg,https://www.uniqlo.com/kr/ko/products/E484662-000/00?colorDisplayCode=05,True,False
E484706-000,,티어드맥시스커트(프린트·치마길이87~91cm),WOMEN,WOMEN,00,39900,39900,39900,"[{""code"": ""discount"", ""name"": ""2026/06/09부터 가격인하"", ""type"": ""price_flag"", ""flag_color"": ""discount""}]",4,available,판매중,0,0,https://image.uniqlo.com/UQ/ST3/kr/imagesgoods/484706/item/krgoods_65_484706_3x4.jpg,https://www.uniqlo.com/kr/ko/products/E484706-000/00?colorDisplayCode=65,True,False
E484707-000,,셔링볼륨프릴미니스커트,WOMEN,WOMEN,00,19900,19900,19900,"[{""code"": ""discount"", ""name"": ""2026/05/19부터 가격인하"", ""type"": ""price_flag"", ""flag_color"": ""discount""}]",1,available,판매중,5,1,https://image.uniqlo.com/UQ/ST3/kr/imagesgoods/484707/item/krgoods_52_484707_3x4.jpg,https://www.uniqlo.com/kr/ko/products/E484707-000/00?colorDisplayCode=52,True,False
E484760-000,,Louvre UT(그래픽T)B,MEN,MEN,00,12900,12900,12900,"[{""code"": ""discount"", ""name"": ""2026/05/26부터 가격인하"", ""type"": ""price_flag"", ""flag_color"": ""discount""}]",5,available,판매중,0,0,https://image.uniqlo.com/UQ/ST3/kr/imagesgoods/484760/item/krgoods_09_484760_3x4.jpg,https://www.uniqlo.com/kr/ko/products/E484760-000/00?colorDisplayCode=09,True,False
E484771-000,,MAGIC FOR ALL TIMELESS UT(그래픽T)F,WOMEN,WOMEN,00,12900,12900,12900,"[{""code"": ""discount"", ""name"": ""2026/05/12부터 가격인하"", ""type"": ""price_flag"", ""flag_color"": ""discount""}]",2,available,판매중,0,0,https://image.uniqlo.com/UQ/ST3/kr/imagesgoods/484771/item/krgoods_60_484771_3x4.jpg,https://www.uniqlo.com/kr/ko/products/E484771-000/00?colorDisplayCode=60,True,False
E484787-000,,리넨블렌드티어드원피스(슬리브리스)스트라이프,WOMEN,WOMEN,00,49900,49900,49900,"[{""code"": ""discount"", ""name"": ""2026/06/09부터 가격인하"", ""type"": ""price_flag"", ""flag_color"": ""discount""}]",1,available,판매중,4.9,26,https://image.uniqlo.com/UQ/ST3/kr/imagesgoods/484787/item/krgoods_69_484787_3x4.jpg,https://www.uniqlo.com/kr/ko/products/E484787-000/00?colorDisplayCode=01,True,False
E484798-001,,라이트코튼셔링블라우스,WOMEN,WOMEN,00,19900,19900,19900,"[{""code"": ""discount"", ""name"": ""2026/05/26부터 가격인하"", ""type"": ""price_flag"", ""flag_color"": ""discount""}]",1,available,판매중,4.5,5,https://image.uniqlo.com/UQ/ST3/kr/imagesgoods/484798001/item/krgoods_38_484798001_3x4.jpg,https://www.uniqlo.com/kr/ko/products/E484798-001/00?colorDisplayCode=38,True,False
E484822-000,,티어드맥시스커트(프린트·치마길이80~84cm·짧은기장),WOMEN,WOMEN,00,39900,39900,39900,"[{""code"": ""discount"", ""name"": ""2026/06/09부터 가격인하"", ""type"": ""price_flag"", ""flag_color"": ""discount""}]",2,available,판매중,5,2,https://image.uniqlo.com/UQ/ST3/kr/imagesgoods/484822/item/krgoods_09_484822_3x4.jpg,https://www.uniqlo.com/kr/ko/products/E484822-000/00?colorDisplayCode=65,True,False
E484874-000,,피케미니폴로셔츠(스트라이프)A,WOMEN,WOMEN,00,29900,29900,29900,"[{""code"": ""discount"", ""name"": ""2026/06/11부터 가격인하"", ""type"": ""price_flag"", ""flag_color"": ""discount""}]",3,available,판매중,4.5,2,https://image.uniqlo.com/UQ/ST3/kr/imagesgoods/484874/item/krgoods_10_484874_3x4.jpg,https://www.uniqlo.com/kr/ko/products/E484874-000/00?colorDisplayCode=10,True,False
E484897-000,,액티브브라(라인),WOMEN,WOMEN,00,19900,19900,19900,"[{""code"": ""discount"", ""name"": ""2026/05/26부터 가격인하"", ""type"": ""price_flag"", ""flag_color"": ""discount""}]",1,available,판매중,5,2,https://image.uniqlo.com/UQ/ST3/kr/imagesgoods/484897/item/krgoods_69_484897_3x4.jpg,https://www.uniqlo.com/kr/ko/products/E484897-000/00?colorDisplayCode=69,True,False
E484958-000,,스퀘어넥브라(라인),WOMEN,WOMEN,00,9900,9900,9900,"[{""code"": ""discount"", ""name"": ""2026/05/26부터 가격인하"", ""type"": ""price_flag"", ""flag_color"": ""discount""}]",1,available,판매중,3,4,https://image.uniqlo.com/UQ/ST3/kr/imagesgoods/484958/item/krgoods_34_484958_3x4.jpg,https://www.uniqlo.com/kr/ko/products/E484958-000/00?colorDisplayCode=34,True,False
E485025-000,,포인텔라운드넥미니T,WOMEN,WOMEN,00,12900,12900,12900,"[{""code"": ""discount"", ""name"": ""2026/06/11부터 가격인하"", ""type"": ""price_flag"", ""flag_color"": ""discount""}]",7,available,판매중,4.7,25,https://image.uniqlo.com/UQ/ST3/kr/imagesgoods/485025/item/krgoods_00_485025_3x4.jpg,https://www.uniqlo.com/kr/ko/products/E485025-000/00?colorDisplayCode=00,True,False
E485049-000,,소프트립가디건,WOMEN,WOMEN,00,29900,29900,29900,"[{""code"": ""discount"", ""name"": ""2026/05/26부터 가격인하"", ""type"": ""price_flag"", ""flag_color"": ""discount""}]",6,available,판매중,4.9,28,https://image.uniqlo.com/UQ/ST3/kr/imagesgoods/485049/item/krgoods_69_485049_3x4.jpg,https://www.uniqlo.com/kr/ko/products/E485049-000/00?colorDisplayCode=69,True,False
E485144-000,,BT AIRism크롭레깅스(릴랙스핏)과일,BABY,BABY,00,7900,7900,7900,"[{""code"": ""discount"", ""name"": ""2026/06/09부터 가격인하"", ""type"": ""price_flag"", ""flag_color"": ""discount""}]",5,available,판매중,4.6,9,https://image.uniqlo.com/UQ/ST3/AsianCommon/imagesgoods/485144/item/goods_10_485144_3x4.jpg,https://www.uniqlo.com/kr/ko/products/E485144-000/00?colorDisplayCode=10,True,False
E485255-000,,ZOOTOPIA UT(그래픽T)D,MEN,MEN,00,12900,12900,12900,"[{""code"": ""discount"", ""name"": ""2026/05/26부터 가격인하"", ""type"": ""price_flag"", ""flag_color"": ""discount""}]",1,available,판매중,5,1,https://image.uniqlo.com/UQ/ST3/kr/imagesgoods/485255/item/krgoods_67_485255_3x4.jpg,https://www.uniqlo.com/kr/ko/products/E485255-000/00?colorDisplayCode=67,True,False
E485284-000,,AIRism코튼브라캐미솔원피스(스트라이프),WOMEN,WOMEN,00,39900,39900,39900,"[{""code"": ""discount"", ""name"": ""2026/06/09부터 가격인하"", ""type"": ""price_flag"", ""flag_color"": ""discount""}]",7,available,판매중,4,1,https://image.uniqlo.com/UQ/ST3/kr/imagesgoods/485284/item/krgoods_65_485284_3x4.jpg,https://www.uniqlo.com/kr/ko/products/E485284-000/00?colorDisplayCode=65,True,False
E485300-000,,AIRism릴랙스V넥T(2WAY),WOMEN,WOMEN,00,12900,12900,12900,"[{""code"": ""discount"", ""name"": ""2026/05/26부터 가격인하"", ""type"": ""price_flag"", ""flag_color"": ""discount""}]",4,available,판매중,4.5,22,https://image.uniqlo.com/UQ/ST3/kr/imagesgoods/485300/item/krgoods_41_485300_3x4.jpg,https://www.uniqlo.com/kr/ko/products/E485300-000/00?colorDisplayCode=41,True,False
E485465-000,,Photo UT(그래픽T)B,MEN,MEN,00,19900,19900,19900,"[{""code"": ""discount"", ""name"": ""2026/05/19부터 가격인하"", ""type"": ""price_flag"", ""flag_color"": ""discount""}]",2,available,판매중,4.6,3,https://image.uniqlo.com/UQ/ST3/kr/imagesgoods/485465/item/krgoods_00_485465_3x4.jpg,https://www.uniqlo.com/kr/ko/products/E485465-000/00?colorDisplayCode=00,True,False
E485467-000,,Photo UT(그래픽T)D,MEN,MEN,00,19900,19900,19900,"[{""code"": ""discount"", ""name"": ""2026/05/19부터 가격인하"", ""type"": ""price_flag"", ""flag_color"": ""discount""}]",2,available,판매중,5,3,https://image.uniqlo.com/UQ/ST3/kr/imagesgoods/485467/item/krgoods_09_485467_3x4.jpg,https://www.uniqlo.com/kr/ko/products/E485467-000/00?colorDisplayCode=09,True,False
E485485-000,,MoMA UT(그래픽T)B,MEN,MEN,01,19900,19900,19900,"[{""code"": ""discount"", ""name"": ""2026/05/26부터 가격인하"", ""type"": ""price_flag"", ""flag_color"": ""discount""}, {""code"": ""colorSizeLimitedPrice"", ""name"": ""옵션할인"", ""type"": ""price_flag"", ""flag_color"": ""discount""}]",1,available,판매중,5,1,https://image.uniqlo.com/UQ/ST3/kr/imagesgoods/485485/item/krgoods_09_485485_3x4.jpg,https://www.uniqlo.com/kr/ko/products/E485485-000/01?colorDisplayCode=09,True,False
E485486-000,,MoMA UT(그래픽T)C,MEN,MEN,01,19900,19900,19900,"[{""code"": ""discount"", ""name"": ""2026/05/26부터 가격인하"", ""type"": ""price_flag"", ""flag_color"": ""discount""}, {""code"": ""colorSizeLimitedPrice"", ""name"": ""옵션할인"", ""type"": ""price_flag"", ""flag_color"": ""discount""}]",4,available,판매중,5,2,https://image.uniqlo.com/UQ/ST3/kr/imagesgoods/485486/item/krgoods_00_485486_3x4.jpg,https://www.uniqlo.com/kr/ko/products/E485486-000/01?colorDisplayCode=00,True,False
E485487-000,,MoMA UT(그래픽T)D,MEN,MEN,01,19900,19900,19900,"[{""code"": ""discount"", ""name"": ""2026/05/26부터 가격인하"", ""type"": ""price_flag"", ""flag_color"": ""discount""}, {""code"": ""colorSizeLimitedPrice"", ""name"": ""옵션할인"", ""type"": ""price_flag"", ""flag_color"": ""discount""}]",4,available,판매중,5,1,https://image.uniqlo.com/UQ/ST3/kr/imagesgoods/485487/item/krgoods_00_485487_3x4.jpg,https://www.uniqlo.com/kr/ko/products/E485487-000/01?colorDisplayCode=00,True,False
E485488-000,,MoMA UT(그래픽T)2A,MEN,MEN,01,19900,19900,19900,"[{""code"": ""discount"", ""name"": ""2026/05/26부터 가격인하"", ""type"": ""price_flag"", ""flag_color"": ""discount""}, {""code"": ""colorSizeLimitedPrice"", ""name"": ""옵션할인"", ""type"": ""price_flag"", ""flag_color"": ""discount""}]",4,available,판매중,0,0,https://image.uniqlo.com/UQ/ST3/kr/imagesgoods/485488/item/krgoods_00_485488_3x4.jpg,https://www.uniqlo.com/kr/ko/products/E485488-000/01?colorDisplayCode=00,True,False
E485489-000,,MoMA UT(그래픽T)2B,MEN,MEN,01,19900,19900,19900,"[{""code"": ""discount"", ""name"": ""2026/05/26부터 가격인하"", ""type"": ""price_flag"", ""flag_color"": ""discount""}, {""code"": ""colorSizeLimitedPrice"", ""name"": ""옵션할인"", ""type"": ""price_flag"", ""flag_color"": ""discount""}]",3,available,판매중,5,1,https://image.uniqlo.com/UQ/ST3/kr/imagesgoods/485489/item/krgoods_30_485489_3x4.jpg,https://www.uniqlo.com/kr/ko/products/E485489-000/01?colorDisplayCode=30,True,False
E485568-000,,드라이피케스트라이프폴로셔츠(패널),UNISEX,MEN,00,29900,29900,29900,"[{""code"": ""discount"", ""name"": ""2026/06/09부터 가격인하"", ""type"": ""price_flag"", ""flag_color"": ""discount""}]",7,available,판매중,5,4,https://image.uniqlo.com/UQ/ST3/kr/imagesgoods/485568/item/krgoods_56_485568_3x4.jpg,https://www.uniqlo.com/kr/ko/products/E485568-000/00?colorDisplayCode=56,True,False
E485574-000,,포인텔크루넥스웨터(반팔),WOMEN,WOMEN,00,29900,29900,29900,"[{""code"": ""discount"", ""name"": ""2026/05/12부터 가격인하"", ""type"": ""price_flag"", ""flag_color"": ""discount""}]",2,available,판매중,4.7,18,https://image.uniqlo.com/UQ/ST3/kr/imagesgoods/485574/item/krgoods_32_485574_3x4.jpg,https://www.uniqlo.com/kr/ko/products/E485574-000/00?colorDisplayCode=32,True,False
E485593-000,,나일론큐롯,WOMEN,WOMEN,01,39900,39900,39900,"[{""code"": ""discount"", ""name"": ""2026/06/09부터 가격인하"", ""type"": ""price_flag"", ""flag_color"": ""discount""}, {""code"": ""colorSizeLimitedPrice"", ""name"": ""옵션할인"", ""type"": ""price_flag"", ""flag_color"": ""discount""}]",4,available,판매중,4.9,36,https://image.uniqlo.com/UQ/ST3/kr/imagesgoods/485593/item/krgoods_09_485593_3x4.jpg,https://www.uniqlo.com/kr/ko/products/E485593-000/01?colorDisplayCode=09,True,False
E485725-000,,울트라스트레치액티브레깅스(라인·다리길이64~67cm·긴기장),WOMEN,WOMEN,00,9900,9900,9900,"[{""code"": ""discount"", ""name"": ""2026/06/09부터 가격인하"", ""type"": ""price_flag"", ""flag_color"": ""discount""}]",3,available,판매중,5,1,https://image.uniqlo.com/UQ/ST3/kr/imagesgoods/485725/item/krgoods_39_485725_3x4.jpg,https://www.uniqlo.com/kr/ko/products/E485725-000/00?colorDisplayCode=39,True,False
E485735-000,,스웨트오버사이즈풀집파카,UNISEX,MEN,02,29900,29900,29900,"[{""code"": ""discount"", ""name"": ""2026/05/26부터 가격인하"", ""type"": ""price_flag"", ""flag_color"": ""discount""}, {""code"": ""colorSizeLimitedPrice"", ""name"": ""옵션할인"", ""type"": ""price_flag"", ""flag_color"": ""discount""}]",2,available,판매중,4.9,70,https://image.uniqlo.com/UQ/ST3/kr/imagesgoods/485735/item/krgoods_30_485735_3x4.jpg,https://www.uniqlo.com/kr/ko/products/E485735-000/02?colorDisplayCode=30,True,False
E486048-000,,리넨블렌드커버롤(스트라이프),WOMEN,WOMEN,00,29900,29900,29900,"[{""code"": ""discount"", ""name"": ""2026/05/26부터 가격인하"", ""type"": ""price_flag"", ""flag_color"": ""discount""}]",6,available,판매중,0,0,https://image.uniqlo.com/UQ/ST3/kr/imagesgoods/486048/item/krgoods_01_486048_3x4.jpg,https://www.uniqlo.com/kr/ko/products/E486048-000/00?colorDisplayCode=01,True,False
E486150-000,,Louvre UT(그래픽T)C,MEN,MEN,00,12900,12900,12900,"[{""code"": ""discount"", ""name"": ""2026/05/26부터 가격인하"", ""type"": ""price_flag"", ""flag_color"": ""discount""}]",1,available,판매중,5,2,https://image.uniqlo.com/UQ/ST3/kr/imagesgoods/486150/item/krgoods_00_486150_3x4.jpg,https://www.uniqlo.com/kr/ko/products/E486150-000/00?colorDisplayCode=00,True,False
E486152-000,,Louvre UT(그래픽T)E,MEN,MEN,00,19900,19900,19900,"[{""code"": ""discount"", ""name"": ""2026/05/19부터 가격인하"", ""type"": ""price_flag"", ""flag_color"": ""discount""}]",3,available,판매중,5,1,https://image.uniqlo.com/UQ/ST3/kr/imagesgoods/486152/item/krgoods_09_486152_3x4.jpg,https://www.uniqlo.com/kr/ko/products/E486152-000/00?colorDisplayCode=09,True,False
E486153-000,,TATE UT(그래픽T)B,MEN,MEN,00,19900,19900,19900,"[{""code"": ""discount"", ""name"": ""2026/05/12부터 가격인하"", ""type"": ""price_flag"", ""flag_color"": ""discount""}]",3,available,판매중,5,1,https://image.uniqlo.com/UQ/ST3/kr/imagesgoods/486153/item/krgoods_01_486153_3x4.jpg,https://www.uniqlo.com/kr/ko/products/E486153-000/00?colorDisplayCode=01,True,False
E486154-000,,TATE UT(그래픽T)C,MEN,MEN,00,19900,19900,19900,"[{""code"": ""discount"", ""name"": ""2026/05/12부터 가격인하"", ""type"": ""price_flag"", ""flag_color"": ""discount""}]",3,available,판매중,0,0,https://image.uniqlo.com/UQ/ST3/kr/imagesgoods/486154/item/krgoods_00_486154_3x4.jpg,https://www.uniqlo.com/kr/ko/products/E486154-000/00?colorDisplayCode=00,True,False
E486156-000,,TATE UT(그래픽T)E,MEN,MEN,00,19900,19900,19900,"[{""code"": ""discount"", ""name"": ""2026/05/12부터 가격인하"", ""type"": ""price_flag"", ""flag_color"": ""discount""}]",1,available,판매중,5,1,https://image.uniqlo.com/UQ/ST3/kr/imagesgoods/486156/item/krgoods_09_486156_3x4.jpg,https://www.uniqlo.com/kr/ko/products/E486156-000/00?colorDisplayCode=09,True,False
E486157-000,,TATE UT(그래픽T)F,MEN,MEN,00,19900,19900,19900,"[{""code"": ""discount"", ""name"": ""2026/05/12부터 가격인하"", ""type"": ""price_flag"", ""flag_color"": ""discount""}]",4,available,판매중,4,1,https://image.uniqlo.com/UQ/ST3/kr/imagesgoods/486157/item/krgoods_69_486157_3x4.jpg,https://www.uniqlo.com/kr/ko/products/E486157-000/00?colorDisplayCode=69,True,False
E486160-000,,MARIO Movie UT(그래픽T)B,UNISEX,MEN,00,19900,19900,19900,"[{""code"": ""discount"", ""name"": ""2026/06/09부터 가격인하"", ""type"": ""price_flag"", ""flag_color"": ""discount""}]",4,available,판매중,0,0,https://image.uniqlo.com/UQ/ST3/kr/imagesgoods/486160/item/krgoods_69_486160_3x4.jpg,https://www.uniqlo.com/kr/ko/products/E486160-000/00?colorDisplayCode=69,True,False
E486161-000,,MARIO Movie UT(그래픽T)C,UNISEX,MEN,00,19900,19900,19900,"[{""code"": ""discount"", ""name"": ""2026/06/09부터 가격인하"", ""type"": ""price_flag"", ""flag_color"": ""discount""}]",4,available,판매중,0,0,https://image.uniqlo.com/UQ/ST3/kr/imagesgoods/486161/item/krgoods_10_486161_3x4.jpg,https://www.uniqlo.com/kr/ko/products/E486161-000/00?colorDisplayCode=10,True,False
E486162-000,,MARIO Movie UT(그래픽T)D,UNISEX,MEN,00,19900,19900,19900,"[{""code"": ""discount"", ""name"": ""2026/06/09부터 가격인하"", ""type"": ""price_flag"", ""flag_color"": ""discount""}]",4,available,판매중,0,0,https://image.uniqlo.com/UQ/ST3/kr/imagesgoods/486162/item/krgoods_01_486162_3x4.jpg,https://www.uniqlo.com/kr/ko/products/E486162-000/00?colorDisplayCode=01,True,False
E486826-000,,BABYMONSTER UT(그래픽T)B,WOMEN,WOMEN,00,12900,12900,12900,"[{""code"": ""discount"", ""name"": ""2026/05/26부터 가격인하"", ""type"": ""price_flag"", ""flag_color"": ""discount""}]",1,available,판매중,5,1,https://image.uniqlo.com/UQ/ST3/kr/imagesgoods/486826/item/krgoods_12_486826_3x4.jpg,https://www.uniqlo.com/kr/ko/products/E486826-000/00?colorDisplayCode=12,True,False
E487375-000,,BT라이트코튼조거팬츠(무지),BABY,BABY,00,12900,12900,12900,"[{""code"": ""discount"", ""name"": ""2026/06/09부터 가격인하"", ""type"": ""price_flag"", ""flag_color"": ""discount""}]",2,available,판매중,5,5,https://image.uniqlo.com/UQ/ST3/AsianCommon/imagesgoods/487375/item/goods_32_487375_3x4.jpg,https://www.uniqlo.com/kr/ko/products/E487375-000/00?colorDisplayCode=32,True,False
E487640-000,,유틸리티재킷(데님),WOMEN,WOMEN,00,39900,39900,39900,"[{""code"": ""discount"", ""name"": ""2026/05/26부터 가격인하"", ""type"": ""price_flag"", ""flag_color"": ""discount""}]",1,available,판매중,4.9,21,https://image.uniqlo.com/UQ/ST3/kr/imagesgoods/487640/item/krgoods_68_487640_3x4.jpg,https://www.uniqlo.com/kr/ko/products/E487640-000/00?colorDisplayCode=68,True,False
E487719-000,,시어레이스크루넥가디건(반팔),WOMEN,WOMEN,00,29900,29900,29900,"[{""code"": ""discount"", ""name"": ""2026/05/26부터 가격인하"", ""type"": ""price_flag"", ""flag_color"": ""discount""}]",4,available,판매중,4.5,6,https://image.uniqlo.com/UQ/ST3/kr/imagesgoods/487719/item/krgoods_37_487719_3x4.jpg,https://www.uniqlo.com/kr/ko/products/E487719-000/00?colorDisplayCode=37,True,False
E487741-000,,코튼이지쇼트팬츠(체크),WOMEN,WOMEN,00,12900,12900,12900,"[{""code"": ""discount"", ""name"": ""2026/05/26부터 가격인하"", ""type"": ""price_flag"", ""flag_color"": ""discount""}]",4,available,판매중,4.8,16,https://image.uniqlo.com/UQ/ST3/kr/imagesgoods/487741/item/krgoods_61_487741_3x4.jpg,https://www.uniqlo.com/kr/ko/products/E487741-000/00?colorDisplayCode=61,True,False
E487792-000,,나일론카고스커트,WOMEN,WOMEN,01,29900,29900,29900,"[{""code"": ""discount"", ""name"": ""2026/05/26부터 가격인하"", ""type"": ""price_flag"", ""flag_color"": ""discount""}, {""code"": ""colorSizeLimitedPrice"", ""name"": ""옵션할인"", ""type"": ""price_flag"", ""flag_color"": ""discount""}]",1,available,판매중,4.9,45,https://image.uniqlo.com/UQ/ST3/kr/imagesgoods/487792/item/krgoods_09_487792_3x4.jpg,https://www.uniqlo.com/kr/ko/products/E487792-000/01?colorDisplayCode=02,True,False
E488370-000,,기어팬츠,MEN,MEN,00,39900,39900,39900,"[{""code"": ""discount"", ""name"": ""2026/06/09부터 가격인하"", ""type"": ""price_flag"", ""flag_color"": ""discount""}]",2,available,판매중,5,15,https://image.uniqlo.com/UQ/ST3/kr/imagesgoods/488370/item/krgoods_09_488370_3x4.jpg,https://www.uniqlo.com/kr/ko/products/E488370-000/00?colorDisplayCode=09,True,False
E488721-000,,피케미니폴로셔츠(스트라이프)B,WOMEN,WOMEN,00,29900,29900,29900,"[{""code"": ""discount"", ""name"": ""2026/06/11부터 가격인하"", ""type"": ""price_flag"", ""flag_color"": ""discount""}]",3,available,판매중,4.1,6,https://image.uniqlo.com/UQ/ST3/kr/imagesgoods/488721/item/krgoods_69_488721_3x4.jpg,https://www.uniqlo.com/kr/ko/products/E488721-000/00?colorDisplayCode=69,True,False
E488841-000,,KIDS AIRism UV PROTECTION풀집파카,KIDS,KIDS,00,19900,19900,19900,"[{""code"": ""discount"", ""name"": ""2026/06/11부터 가격인하"", ""type"": ""price_flag"", ""flag_color"": ""discount""}]",6,available,판매중,5,1,https://image.uniqlo.com/UQ/ST3/kr/imagesgoods/488841/item/krgoods_01_488841_3x4.jpg,https://www.uniqlo.com/kr/ko/products/E488841-000/00?colorDisplayCode=01,True,False
